agent_id,hour,hour_of_day,day_of_week,typology,counterfactual,location,plugged_in,soc,soh,action,energy_kwh,price_per_kwh,cost_currency
2001,0,0,0,BEV 2nd Vehicle,V2G,home,True,0.9039,0.999978,CHARGE,7.0,0.53,3.71
2001,1,1,0,BEV 2nd Vehicle,V2G,home,True,0.9039,0.999975,IDLE,0.0,0.53,0.0
2001,2,2,0,BEV 2nd Vehicle,V2G,home,True,0.9039,0.999973,IDLE,0.0,0.53,0.0
2001,3,3,0,BEV 2nd Vehicle,V2G,home,True,0.9039,0.99997,IDLE,0.0,0.53,0.0
2001,4,4,0,BEV 2nd Vehicle,V2G,home,True,0.9039,0.999967,IDLE,0.0,0.53,0.0
2001,5,5,0,BEV 2nd Vehicle,V2G,home,True,0.9039,0.999965,IDLE,0.0,0.53,0.0
2001,6,6,0,BEV 2nd Vehicle,V2G,home,True,0.9039,0.999962,IDLE,0.0,0.53,0.0
2001,7,7,0,BEV 2nd Vehicle,V2G,home,True,0.9039,0.999959,IDLE,0.0,0.85,0.0
2001,8,8,0,BEV 2nd Vehicle,V2G,home,True,0.9039,0.999957,IDLE,0.0,0.85,0.0
2001,9,9,0,BEV 2nd Vehicle,V2G,home,True,0.9039,0.999954,IDLE,0.0,0.85,0.0
2001,10,10,0,BEV 2nd Vehicle,V2G,driving,False,0.8864,0.999951,DRIVING,0.0,0.85,0.0
2001,11,11,0,BEV 2nd Vehicle,V2G,work,False,0.8864,0.999949,IDLE,0.0,0.85,0.0
2001,12,12,0,BEV 2nd Vehicle,V2G,work,False,0.8864,0.999946,IDLE,0.0,0.85,0.0
2001,13,13,0,BEV 2nd Vehicle,V2G,work,False,0.8864,0.999944,IDLE,0.0,0.85,0.0
2001,14,14,0,BEV 2nd Vehicle,V2G,work,False,0.8864,0.999941,IDLE,0.0,0.85,0.0
2001,15,15,0,BEV 2nd Vehicle,V2G,driving,False,0.8689,0.999938,DRIVING,0.0,0.85,0.0
2001,16,16,0,BEV 2nd Vehicle,V2G,home,True,0.9728,0.999916,CHARGE,7.0,0.85,5.95
2001,17,17,0,BEV 2nd Vehicle,V2G,home,True,0.8228,0.999888,DISCHARGE,-9.12,1.69,-11.5596
2001,18,18,0,BEV 2nd Vehicle,V2G,home,True,0.6727,0.99986,DISCHARGE,-9.12,1.69,-11.5596
2001,19,19,0,BEV 2nd Vehicle,V2G,home,True,0.5227,0.999832,DISCHARGE,-9.12,1.69,-11.5596
2001,20,20,0,BEV 2nd Vehicle,V2G,home,True,0.5,0.999826,DISCHARGE,-1.3811,1.69,-1.7505
2001,21,21,0,BEV 2nd Vehicle,V2G,home,True,0.5,0.999824,IDLE,0.0,1.69,0.0
2001,22,22,0,BEV 2nd Vehicle,V2G,home,True,0.5,0.999822,IDLE,0.0,1.69,0.0
2001,23,23,0,BEV 2nd Vehicle,V2G,home,True,0.6039,0.9998,CHARGE,7.0,0.53,3.71
2001,24,0,1,BEV 2nd Vehicle,V2G,home,True,0.7079,0.999778,CHARGE,7.0,0.53,3.71
2001,25,1,1,BEV 2nd Vehicle,V2G,home,True,0.8118,0.999756,CHARGE,7.0,0.53,3.71
2001,26,2,1,BEV 2nd Vehicle,V2G,home,True,0.9157,0.999734,CHARGE,7.0,0.53,3.71
2001,27,3,1,BEV 2nd Vehicle,V2G,home,True,0.9157,0.999731,IDLE,0.0,0.53,0.0
2001,28,4,1,BEV 2nd Vehicle,V2G,home,True,0.9157,0.999729,IDLE,0.0,0.53,0.0
2001,29,5,1,BEV 2nd Vehicle,V2G,home,True,0.9157,0.999726,IDLE,0.0,0.53,0.0
2001,30,6,1,BEV 2nd Vehicle,V2G,home,True,0.9157,0.999723,IDLE,0.0,0.53,0.0
2001,31,7,1,BEV 2nd Vehicle,V2G,home,True,0.9157,0.999721,IDLE,0.0,0.85,0.0
2001,32,8,1,BEV 2nd Vehicle,V2G,home,True,0.9157,0.999718,IDLE,0.0,0.85,0.0
2001,33,9,1,BEV 2nd Vehicle,V2G,home,True,0.9157,0.999715,IDLE,0.0,0.85,0.0
2001,34,10,1,BEV 2nd Vehicle,V2G,home,True,0.9157,0.999713,IDLE,0.0,0.85,0.0
2001,35,11,1,BEV 2nd Vehicle,V2G,home,True,0.9157,0.99971,IDLE,0.0,0.85,0.0
2001,36,12,1,BEV 2nd Vehicle,V2G,home,True,0.9157,0.999707,IDLE,0.0,0.85,0.0
2001,37,13,1,BEV 2nd Vehicle,V2G,home,True,0.9157,0.999705,IDLE,0.0,0.85,0.0
2001,38,14,1,BEV 2nd Vehicle,V2G,home,True,0.9157,0.999702,IDLE,0.0,0.85,0.0
2001,39,15,1,BEV 2nd Vehicle,V2G,home,True,0.9157,0.999699,IDLE,0.0,0.85,0.0
2001,40,16,1,BEV 2nd Vehicle,V2G,home,True,0.9157,0.999697,IDLE,0.0,0.85,0.0
2001,41,17,1,BEV 2nd Vehicle,V2G,home,True,0.7657,0.999669,DISCHARGE,-9.12,1.69,-11.5596
2001,42,18,1,BEV 2nd Vehicle,V2G,home,True,0.6156,0.999641,DISCHARGE,-9.12,1.69,-11.5596
2001,43,19,1,BEV 2nd Vehicle,V2G,home,True,0.5,0.999619,DISCHARGE,-7.027,1.69,-8.9067
2001,44,20,1,BEV 2nd Vehicle,V2G,home,True,0.5,0.999617,IDLE,0.0,1.69,0.0
2001,45,21,1,BEV 2nd Vehicle,V2G,home,True,0.5,0.999615,IDLE,0.0,1.69,0.0
2001,46,22,1,BEV 2nd Vehicle,V2G,home,True,0.5,0.999613,IDLE,0.0,1.69,0.0
2001,47,23,1,BEV 2nd Vehicle,V2G,home,True,0.6039,0.999591,CHARGE,7.0,0.53,3.71
2001,48,0,2,BEV 2nd Vehicle,V2G,home,True,0.7079,0.999569,CHARGE,7.0,0.53,3.71
2001,49,1,2,BEV 2nd Vehicle,V2G,home,True,0.8118,0.999547,CHARGE,7.0,0.53,3.71
2001,50,2,2,BEV 2nd Vehicle,V2G,home,True,0.9158,0.999524,CHARGE,7.0,0.53,3.71
2001,51,3,2,BEV 2nd Vehicle,V2G,home,True,0.9158,0.999522,IDLE,0.0,0.53,0.0
2001,52,4,2,BEV 2nd Vehicle,V2G,home,True,0.9158,0.999519,IDLE,0.0,0.53,0.0
2001,53,5,2,BEV 2nd Vehicle,V2G,home,True,0.9158,0.999516,IDLE,0.0,0.53,0.0
2001,54,6,2,BEV 2nd Vehicle,V2G,home,True,0.9158,0.999514,IDLE,0.0,0.53,0.0
2001,55,7,2,BEV 2nd Vehicle,V2G,home,True,0.9158,0.999511,IDLE,0.0,0.85,0.0
2001,56,8,2,BEV 2nd Vehicle,V2G,home,True,0.9158,0.999508,IDLE,0.0,0.85,0.0
2001,57,9,2,BEV 2nd Vehicle,V2G,home,True,0.9158,0.999506,IDLE,0.0,0.85,0.0
2001,58,10,2,BEV 2nd Vehicle,V2G,driving,False,0.8917,0.999503,DRIVING,0.0,0.85,0.0
2001,59,11,2,BEV 2nd Vehicle,V2G,work,False,0.8917,0.999501,IDLE,0.0,0.85,0.0
2001,60,12,2,BEV 2nd Vehicle,V2G,work,False,0.8917,0.999498,IDLE,0.0,0.85,0.0
2001,61,13,2,BEV 2nd Vehicle,V2G,work,False,0.8917,0.999495,IDLE,0.0,0.85,0.0
2001,62,14,2,BEV 2nd Vehicle,V2G,work,False,0.8917,0.999493,IDLE,0.0,0.85,0.0
2001,63,15,2,BEV 2nd Vehicle,V2G,driving,False,0.8676,0.99949,DRIVING,0.0,0.85,0.0
2001,64,16,2,BEV 2nd Vehicle,V2G,home,True,0.9715,0.999468,CHARGE,7.0,0.85,5.95
2001,65,17,2,BEV 2nd Vehicle,V2G,home,True,0.8215,0.99944,DISCHARGE,-9.12,1.69,-11.5596
2001,66,18,2,BEV 2nd Vehicle,V2G,home,True,0.6714,0.999412,DISCHARGE,-9.12,1.69,-11.5596
2001,67,19,2,BEV 2nd Vehicle,V2G,home,True,0.5213,0.999384,DISCHARGE,-9.12,1.69,-11.5596
2001,68,20,2,BEV 2nd Vehicle,V2G,home,True,0.5,0.999378,DISCHARGE,-1.2938,1.69,-1.6399
2001,69,21,2,BEV 2nd Vehicle,V2G,home,True,0.5,0.999376,IDLE,0.0,1.69,0.0
2001,70,22,2,BEV 2nd Vehicle,V2G,home,True,0.5,0.999374,IDLE,0.0,1.69,0.0
2001,71,23,2,BEV 2nd Vehicle,V2G,home,True,0.604,0.999352,CHARGE,7.0,0.53,3.71
2001,72,0,3,BEV 2nd Vehicle,V2G,home,True,0.7079,0.99933,CHARGE,7.0,0.53,3.71
2001,73,1,3,BEV 2nd Vehicle,V2G,home,True,0.8119,0.999308,CHARGE,7.0,0.53,3.71
2001,74,2,3,BEV 2nd Vehicle,V2G,home,True,0.9159,0.999286,CHARGE,7.0,0.53,3.71
2001,75,3,3,BEV 2nd Vehicle,V2G,home,True,0.9159,0.999283,IDLE,0.0,0.53,0.0
2001,76,4,3,BEV 2nd Vehicle,V2G,home,True,0.9159,0.99928,IDLE,0.0,0.53,0.0
2001,77,5,3,BEV 2nd Vehicle,V2G,home,True,0.9159,0.999278,IDLE,0.0,0.53,0.0
2001,78,6,3,BEV 2nd Vehicle,V2G,home,True,0.9159,0.999275,IDLE,0.0,0.53,0.0
2001,79,7,3,BEV 2nd Vehicle,V2G,home,True,0.9159,0.999273,IDLE,0.0,0.85,0.0
2001,80,8,3,BEV 2nd Vehicle,V2G,home,True,0.9159,0.99927,IDLE,0.0,0.85,0.0
2001,81,9,3,BEV 2nd Vehicle,V2G,home,True,0.9159,0.999267,IDLE,0.0,0.85,0.0
2001,82,10,3,BEV 2nd Vehicle,V2G,driving,False,0.8808,0.999265,DRIVING,0.0,0.85,0.0
2001,83,11,3,BEV 2nd Vehicle,V2G,work,False,0.8808,0.999262,IDLE,0.0,0.85,0.0
2001,84,12,3,BEV 2nd Vehicle,V2G,work,False,0.8808,0.999259,IDLE,0.0,0.85,0.0
2001,85,13,3,BEV 2nd Vehicle,V2G,work,False,0.8808,0.999257,IDLE,0.0,0.85,0.0
2001,86,14,3,BEV 2nd Vehicle,V2G,work,False,0.8808,0.999254,IDLE,0.0,0.85,0.0
2001,87,15,3,BEV 2nd Vehicle,V2G,driving,False,0.8456,0.999252,DRIVING,0.0,0.85,0.0
2001,88,16,3,BEV 2nd Vehicle,V2G,home,True,0.9496,0.999229,CHARGE,7.0,0.85,5.95
2001,89,17,3,BEV 2nd Vehicle,V2G,home,True,0.7995,0.999201,DISCHARGE,-9.12,1.69,-11.5596
2001,90,18,3,BEV 2nd Vehicle,V2G,home,True,0.6494,0.999173,DISCHARGE,-9.12,1.69,-11.5596
2001,91,19,3,BEV 2nd Vehicle,V2G,home,True,0.5,0.999146,DISCHARGE,-9.0755,1.69,-11.5032
2001,92,20,3,BEV 2nd Vehicle,V2G,home,True,0.5,0.999144,IDLE,0.0,1.69,0.0
2001,93,21,3,BEV 2nd Vehicle,V2G,home,True,0.5,0.999142,IDLE,0.0,1.69,0.0
2001,94,22,3,BEV 2nd Vehicle,V2G,home,True,0.5,0.999139,IDLE,0.0,1.69,0.0
2001,95,23,3,BEV 2nd Vehicle,V2G,home,True,0.604,0.999117,CHARGE,7.0,0.53,3.71
2001,96,0,4,BEV 2nd Vehicle,V2G,home,True,0.708,0.999095,CHARGE,7.0,0.53,3.71
2001,97,1,4,BEV 2nd Vehicle,V2G,home,True,0.812,0.999073,CHARGE,7.0,0.53,3.71
2001,98,2,4,BEV 2nd Vehicle,V2G,home,True,0.916,0.999051,CHARGE,7.0,0.53,3.71
2001,99,3,4,BEV 2nd Vehicle,V2G,home,True,0.916,0.999048,IDLE,0.0,0.53,0.0
2001,100,4,4,BEV 2nd Vehicle,V2G,home,True,0.916,0.999046,IDLE,0.0,0.53,0.0
2001,101,5,4,BEV 2nd Vehicle,V2G,home,True,0.916,0.999043,IDLE,0.0,0.53,0.0
2001,102,6,4,BEV 2nd Vehicle,V2G,home,True,0.916,0.999041,IDLE,0.0,0.53,0.0
2001,103,7,4,BEV 2nd Vehicle,V2G,home,True,0.916,0.999038,IDLE,0.0,0.85,0.0
2001,104,8,4,BEV 2nd Vehicle,V2G,home,True,0.916,0.999035,IDLE,0.0,0.85,0.0
2001,105,9,4,BEV 2nd Vehicle,V2G,home,True,0.916,0.999033,IDLE,0.0,0.85,0.0
2001,106,10,4,BEV 2nd Vehicle,V2G,driving,False,0.8844,0.99903,DRIVING,0.0,0.85,0.0
2001,107,11,4,BEV 2nd Vehicle,V2G,work,False,0.8844,0.999027,IDLE,0.0,0.85,0.0
2001,108,12,4,BEV 2nd Vehicle,V2G,work,False,0.8844,0.999025,IDLE,0.0,0.85,0.0
2001,109,13,4,BEV 2nd Vehicle,V2G,work,False,0.8844,0.999022,IDLE,0.0,0.85,0.0
2001,110,14,4,BEV 2nd Vehicle,V2G,work,False,0.8844,0.99902,IDLE,0.0,0.85,0.0
2001,111,15,4,BEV 2nd Vehicle,V2G,driving,False,0.8529,0.999017,DRIVING,0.0,0.85,0.0
2001,112,16,4,BEV 2nd Vehicle,V2G,home,True,0.9569,0.998995,CHARGE,7.0,0.85,5.95
2001,113,17,4,BEV 2nd Vehicle,V2G,home,True,0.8067,0.998967,DISCHARGE,-9.12,1.69,-11.5596
2001,114,18,4,BEV 2nd Vehicle,V2G,home,True,0.6566,0.998939,DISCHARGE,-9.12,1.69,-11.5596
2001,115,19,4,BEV 2nd Vehicle,V2G,home,True,0.5064,0.998911,DISCHARGE,-9.12,1.69,-11.5596
2001,116,20,4,BEV 2nd Vehicle,V2G,home,True,0.5,0.998908,DISCHARGE,-0.3894,1.69,-0.4935
2001,117,21,4,BEV 2nd Vehicle,V2G,home,True,0.5,0.998906,IDLE,0.0,1.69,0.0
2001,118,22,4,BEV 2nd Vehicle,V2G,home,True,0.5,0.998903,IDLE,0.0,1.69,0.0
2001,119,23,4,BEV 2nd Vehicle,V2G,home,True,0.604,0.998882,CHARGE,7.0,0.53,3.71
2001,120,0,5,BEV 2nd Vehicle,V2G,home,True,0.708,0.99886,CHARGE,7.0,0.53,3.71
2001,121,1,5,BEV 2nd Vehicle,V2G,home,True,0.8121,0.998837,CHARGE,7.0,0.53,3.71
2001,122,2,5,BEV 2nd Vehicle,V2G,home,True,0.9161,0.998815,CHARGE,7.0,0.53,3.71
2001,123,3,5,BEV 2nd Vehicle,V2G,home,True,0.9161,0.998813,IDLE,0.0,0.53,0.0
2001,124,4,5,BEV 2nd Vehicle,V2G,home,True,0.9161,0.99881,IDLE,0.0,0.53,0.0
2001,125,5,5,BEV 2nd Vehicle,V2G,home,True,0.9161,0.998807,IDLE,0.0,0.53,0.0
2001,126,6,5,BEV 2nd Vehicle,V2G,home,True,0.9161,0.998805,IDLE,0.0,0.53,0.0
2001,127,7,5,BEV 2nd Vehicle,V2G,home,True,0.9161,0.998802,IDLE,0.0,0.85,0.0
2001,128,8,5,BEV 2nd Vehicle,V2G,home,True,0.9161,0.998799,IDLE,0.0,0.85,0.0
2001,129,9,5,BEV 2nd Vehicle,V2G,home,True,0.9161,0.998797,IDLE,0.0,0.85,0.0
2001,130,10,5,BEV 2nd Vehicle,V2G,home,True,0.9161,0.998794,IDLE,0.0,0.85,0.0
2001,131,11,5,BEV 2nd Vehicle,V2G,driving,False,0.8848,0.998791,DRIVING,0.0,0.85,0.0
2001,132,12,5,BEV 2nd Vehicle,V2G,work,False,0.8848,0.998789,IDLE,0.0,0.85,0.0
2001,133,13,5,BEV 2nd Vehicle,V2G,work,False,0.8848,0.998786,IDLE,0.0,0.85,0.0
2001,134,14,5,BEV 2nd Vehicle,V2G,work,False,0.8848,0.998784,IDLE,0.0,0.85,0.0
2001,135,15,5,BEV 2nd Vehicle,V2G,work,False,0.8848,0.998781,IDLE,0.0,0.85,0.0
2001,136,16,5,BEV 2nd Vehicle,V2G,driving,False,0.8536,0.998778,DRIVING,0.0,0.85,0.0
2001,137,17,5,BEV 2nd Vehicle,V2G,home,True,0.7034,0.998751,DISCHARGE,-9.12,1.69,-11.5596
2001,138,18,5,BEV 2nd Vehicle,V2G,home,True,0.5532,0.998723,DISCHARGE,-9.12,1.69,-11.5596
2001,139,19,5,BEV 2nd Vehicle,V2G,home,True,0.5,0.998712,DISCHARGE,-3.2312,1.69,-4.0956
2001,140,20,5,BEV 2nd Vehicle,V2G,home,True,0.5,0.998709,IDLE,0.0,1.69,0.0
2001,141,21,5,BEV 2nd Vehicle,V2G,home,True,0.5,0.998707,IDLE,0.0,1.69,0.0
2001,142,22,5,BEV 2nd Vehicle,V2G,home,True,0.5,0.998705,IDLE,0.0,1.69,0.0
2001,143,23,5,BEV 2nd Vehicle,V2G,home,True,0.604,0.998683,CHARGE,7.0,0.53,3.71
2001,144,0,6,BEV 2nd Vehicle,V2G,home,True,0.7081,0.998661,CHARGE,7.0,0.53,3.71
2001,145,1,6,BEV 2nd Vehicle,V2G,home,True,0.8121,0.998639,CHARGE,7.0,0.53,3.71
2001,146,2,6,BEV 2nd Vehicle,V2G,home,True,0.9162,0.998617,CHARGE,7.0,0.53,3.71
2001,147,3,6,BEV 2nd Vehicle,V2G,home,True,0.9162,0.998614,IDLE,0.0,0.53,0.0
2001,148,4,6,BEV 2nd Vehicle,V2G,home,True,0.9162,0.998611,IDLE,0.0,0.53,0.0
2001,149,5,6,BEV 2nd Vehicle,V2G,home,True,0.9162,0.998609,IDLE,0.0,0.53,0.0
2001,150,6,6,BEV 2nd Vehicle,V2G,home,True,0.9162,0.998606,IDLE,0.0,0.53,0.0
2001,151,7,6,BEV 2nd Vehicle,V2G,home,True,0.9162,0.998604,IDLE,0.0,0.85,0.0
2001,152,8,6,BEV 2nd Vehicle,V2G,home,True,0.9162,0.998601,IDLE,0.0,0.85,0.0
2001,153,9,6,BEV 2nd Vehicle,V2G,home,True,0.9162,0.998598,IDLE,0.0,0.85,0.0
2001,154,10,6,BEV 2nd Vehicle,V2G,home,True,0.9162,0.998596,IDLE,0.0,0.85,0.0
2001,155,11,6,BEV 2nd Vehicle,V2G,driving,False,0.9094,0.998593,DRIVING,0.0,0.85,0.0
2001,156,12,6,BEV 2nd Vehicle,V2G,work,False,0.9094,0.99859,IDLE,0.0,0.85,0.0
2001,157,13,6,BEV 2nd Vehicle,V2G,work,False,0.9094,0.998588,IDLE,0.0,0.85,0.0
2001,158,14,6,BEV 2nd Vehicle,V2G,work,False,0.9094,0.998585,IDLE,0.0,0.85,0.0
2001,159,15,6,BEV 2nd Vehicle,V2G,work,False,0.9094,0.998582,IDLE,0.0,0.85,0.0
2001,160,16,6,BEV 2nd Vehicle,V2G,driving,False,0.9026,0.99858,DRIVING,0.0,0.85,0.0
2001,161,17,6,BEV 2nd Vehicle,V2G,home,True,0.7524,0.998552,DISCHARGE,-9.12,1.69,-11.5596
2001,162,18,6,BEV 2nd Vehicle,V2G,home,True,0.6021,0.998524,DISCHARGE,-9.12,1.69,-11.5596
2001,163,19,6,BEV 2nd Vehicle,V2G,home,True,0.5,0.998504,DISCHARGE,-6.2007,1.69,-7.8594
2001,164,20,6,BEV 2nd Vehicle,V2G,home,True,0.5,0.998502,IDLE,0.0,1.69,0.0
2001,165,21,6,BEV 2nd Vehicle,V2G,home,True,0.5,0.9985,IDLE,0.0,1.69,0.0
2001,166,22,6,BEV 2nd Vehicle,V2G,home,True,0.5,0.998498,IDLE,0.0,1.69,0.0
2001,167,23,6,BEV 2nd Vehicle,V2G,home,True,0.6041,0.998476,CHARGE,7.0,0.53,3.71
2002,0,0,0,BEV 2nd Vehicle,V2G,home,True,0.8887,0.999991,CHARGE,7.0,0.53,3.71
2002,1,1,0,BEV 2nd Vehicle,V2G,home,True,0.8887,0.999988,IDLE,0.0,0.53,0.0
2002,2,2,0,BEV 2nd Vehicle,V2G,home,True,0.8887,0.999986,IDLE,0.0,0.53,0.0
2002,3,3,0,BEV 2nd Vehicle,V2G,home,True,0.8887,0.999983,IDLE,0.0,0.53,0.0
2002,4,4,0,BEV 2nd Vehicle,V2G,home,True,0.8887,0.99998,IDLE,0.0,0.53,0.0
2002,5,5,0,BEV 2nd Vehicle,V2G,home,True,0.8887,0.999978,IDLE,0.0,0.53,0.0
2002,6,6,0,BEV 2nd Vehicle,V2G,home,True,0.8887,0.999975,IDLE,0.0,0.53,0.0
2002,7,7,0,BEV 2nd Vehicle,V2G,home,True,0.8887,0.999973,IDLE,0.0,0.85,0.0
2002,8,8,0,BEV 2nd Vehicle,V2G,home,True,0.8887,0.99997,IDLE,0.0,0.85,0.0
2002,9,9,0,BEV 2nd Vehicle,V2G,home,True,0.8887,0.999967,IDLE,0.0,0.85,0.0
2002,10,10,0,BEV 2nd Vehicle,V2G,driving,False,0.8371,0.999965,DRIVING,0.0,0.85,0.0
2002,11,11,0,BEV 2nd Vehicle,V2G,work,False,0.8371,0.999962,IDLE,0.0,0.85,0.0
2002,12,12,0,BEV 2nd Vehicle,V2G,work,False,0.8371,0.99996,IDLE,0.0,0.85,0.0
2002,13,13,0,BEV 2nd Vehicle,V2G,work,False,0.8371,0.999957,IDLE,0.0,0.85,0.0
2002,14,14,0,BEV 2nd Vehicle,V2G,work,False,0.8371,0.999955,IDLE,0.0,0.85,0.0
2002,15,15,0,BEV 2nd Vehicle,V2G,work,False,0.8371,0.999952,IDLE,0.0,0.85,0.0
2002,16,16,0,BEV 2nd Vehicle,V2G,driving,False,0.7856,0.99995,DRIVING,0.0,0.85,0.0
2002,17,17,0,BEV 2nd Vehicle,V2G,home,True,0.6576,0.999939,DISCHARGE,-9.12,1.69,-11.5596
2002,18,18,0,BEV 2nd Vehicle,V2G,home,True,0.5296,0.999928,DISCHARGE,-9.12,1.69,-11.5596
2002,19,19,0,BEV 2nd Vehicle,V2G,home,True,0.5,0.999924,DISCHARGE,-2.1101,1.69,-2.6745
2002,20,20,0,BEV 2nd Vehicle,V2G,home,True,0.5,0.999922,IDLE,0.0,1.69,0.0
2002,21,21,0,BEV 2nd Vehicle,V2G,home,True,0.5,0.999919,IDLE,0.0,1.69,0.0
2002,22,22,0,BEV 2nd Vehicle,V2G,home,True,0.5,0.999917,IDLE,0.0,1.69,0.0
2002,23,23,0,BEV 2nd Vehicle,V2G,home,True,0.5887,0.999908,CHARGE,7.0,0.53,3.71
2002,24,0,1,BEV 2nd Vehicle,V2G,home,True,0.6773,0.9999,CHARGE,7.0,0.53,3.71
2002,25,1,1,BEV 2nd Vehicle,V2G,home,True,0.766,0.999891,CHARGE,7.0,0.53,3.71
2002,26,2,1,BEV 2nd Vehicle,V2G,home,True,0.8547,0.999881,CHARGE,7.0,0.53,3.71
2002,27,3,1,BEV 2nd Vehicle,V2G,home,True,0.9434,0.999872,CHARGE,7.0,0.53,3.71
2002,28,4,1,BEV 2nd Vehicle,V2G,home,True,0.9434,0.99987,IDLE,0.0,0.53,0.0
2002,29,5,1,BEV 2nd Vehicle,V2G,home,True,0.9434,0.999867,IDLE,0.0,0.53,0.0
2002,30,6,1,BEV 2nd Vehicle,V2G,home,True,0.9434,0.999864,IDLE,0.0,0.53,0.0
2002,31,7,1,BEV 2nd Vehicle,V2G,home,True,0.9434,0.999862,IDLE,0.0,0.85,0.0
2002,32,8,1,BEV 2nd Vehicle,V2G,home,True,0.9434,0.999859,IDLE,0.0,0.85,0.0
2002,33,9,1,BEV 2nd Vehicle,V2G,home,True,0.9434,0.999856,IDLE,0.0,0.85,0.0
2002,34,10,1,BEV 2nd Vehicle,V2G,driving,False,0.8821,0.999854,DRIVING,0.0,0.85,0.0
2002,35,11,1,BEV 2nd Vehicle,V2G,work,False,0.8821,0.999851,IDLE,0.0,0.85,0.0
2002,36,12,1,BEV 2nd Vehicle,V2G,work,False,0.8821,0.999848,IDLE,0.0,0.85,0.0
2002,37,13,1,BEV 2nd Vehicle,V2G,work,False,0.8821,0.999846,IDLE,0.0,0.85,0.0
2002,38,14,1,BEV 2nd Vehicle,V2G,work,False,0.8821,0.999843,IDLE,0.0,0.85,0.0
2002,39,15,1,BEV 2nd Vehicle,V2G,work,False,0.8821,0.999841,IDLE,0.0,0.85,0.0
2002,40,16,1,BEV 2nd Vehicle,V2G,driving,False,0.8208,0.999838,DRIVING,0.0,0.85,0.0
2002,41,17,1,BEV 2nd Vehicle,V2G,home,True,0.6928,0.999827,DISCHARGE,-9.12,1.69,-11.5596
2002,42,18,1,BEV 2nd Vehicle,V2G,home,True,0.5648,0.999816,DISCHARGE,-9.12,1.69,-11.5596
2002,43,19,1,BEV 2nd Vehicle,V2G,home,True,0.5,0.99981,DISCHARGE,-4.6149,1.69,-5.8494
2002,44,20,1,BEV 2nd Vehicle,V2G,home,True,0.5,0.999808,IDLE,0.0,1.69,0.0
2002,45,21,1,BEV 2nd Vehicle,V2G,home,True,0.5,0.999806,IDLE,0.0,1.69,0.0
2002,46,22,1,BEV 2nd Vehicle,V2G,home,True,0.5,0.999803,IDLE,0.0,1.69,0.0
2002,47,23,1,BEV 2nd Vehicle,V2G,home,True,0.5887,0.999795,CHARGE,7.0,0.53,3.71
2002,48,0,2,BEV 2nd Vehicle,V2G,home,True,0.6774,0.999786,CHARGE,7.0,0.53,3.71
2002,49,1,2,BEV 2nd Vehicle,V2G,home,True,0.7661,0.999777,CHARGE,7.0,0.53,3.71
2002,50,2,2,BEV 2nd Vehicle,V2G,home,True,0.8547,0.999768,CHARGE,7.0,0.53,3.71
2002,51,3,2,BEV 2nd Vehicle,V2G,home,True,0.9434,0.999758,CHARGE,7.0,0.53,3.71
2002,52,4,2,BEV 2nd Vehicle,V2G,home,True,0.9434,0.999756,IDLE,0.0,0.53,0.0
2002,53,5,2,BEV 2nd Vehicle,V2G,home,True,0.9434,0.999753,IDLE,0.0,0.53,0.0
2002,54,6,2,BEV 2nd Vehicle,V2G,home,True,0.9434,0.99975,IDLE,0.0,0.53,0.0
2002,55,7,2,BEV 2nd Vehicle,V2G,home,True,0.9434,0.999748,IDLE,0.0,0.85,0.0
2002,56,8,2,BEV 2nd Vehicle,V2G,home,True,0.9434,0.999745,IDLE,0.0,0.85,0.0
2002,57,9,2,BEV 2nd Vehicle,V2G,home,True,0.9434,0.999742,IDLE,0.0,0.85,0.0
2002,58,10,2,BEV 2nd Vehicle,V2G,driving,False,0.936,0.99974,DRIVING,0.0,0.85,0.0
2002,59,11,2,BEV 2nd Vehicle,V2G,work,False,0.936,0.999737,IDLE,0.0,0.85,0.0
2002,60,12,2,BEV 2nd Vehicle,V2G,work,False,0.936,0.999734,IDLE,0.0,0.85,0.0
2002,61,13,2,BEV 2nd Vehicle,V2G,work,False,0.936,0.999732,IDLE,0.0,0.85,0.0
2002,62,14,2,BEV 2nd Vehicle,V2G,work,False,0.936,0.999729,IDLE,0.0,0.85,0.0
2002,63,15,2,BEV 2nd Vehicle,V2G,work,False,0.936,0.999726,IDLE,0.0,0.85,0.0
2002,64,16,2,BEV 2nd Vehicle,V2G,driving,False,0.9286,0.999724,DRIVING,0.0,0.85,0.0
2002,65,17,2,BEV 2nd Vehicle,V2G,home,True,0.8005,0.999713,DISCHARGE,-9.12,1.69,-11.5596
2002,66,18,2,BEV 2nd Vehicle,V2G,home,True,0.6725,0.999702,DISCHARGE,-9.12,1.69,-11.5596
2002,67,19,2,BEV 2nd Vehicle,V2G,home,True,0.5444,0.999691,DISCHARGE,-9.12,1.69,-11.5596
2002,68,20,2,BEV 2nd Vehicle,V2G,home,True,0.5,0.999686,DISCHARGE,-3.1656,1.69,-4.0124
2002,69,21,2,BEV 2nd Vehicle,V2G,home,True,0.5,0.999684,IDLE,0.0,1.69,0.0
2002,70,22,2,BEV 2nd Vehicle,V2G,home,True,0.5,0.999682,IDLE,0.0,1.69,0.0
2002,71,23,2,BEV 2nd Vehicle,V2G,home,True,0.5887,0.999673,CHARGE,7.0,0.53,3.71
2002,72,0,3,BEV 2nd Vehicle,V2G,home,True,0.6774,0.999664,CHARGE,7.0,0.53,3.71
2002,73,1,3,BEV 2nd Vehicle,V2G,home,True,0.7661,0.999655,CHARGE,7.0,0.53,3.71
2002,74,2,3,BEV 2nd Vehicle,V2G,home,True,0.8548,0.999646,CHARGE,7.0,0.53,3.71
2002,75,3,3,BEV 2nd Vehicle,V2G,home,True,0.9435,0.999637,CHARGE,7.0,0.53,3.71
2002,76,4,3,BEV 2nd Vehicle,V2G,home,True,0.9435,0.999634,IDLE,0.0,0.53,0.0
2002,77,5,3,BEV 2nd Vehicle,V2G,home,True,0.9435,0.999631,IDLE,0.0,0.53,0.0
2002,78,6,3,BEV 2nd Vehicle,V2G,home,True,0.9435,0.999629,IDLE,0.0,0.53,0.0
2002,79,7,3,BEV 2nd Vehicle,V2G,home,True,0.9435,0.999626,IDLE,0.0,0.85,0.0
2002,80,8,3,BEV 2nd Vehicle,V2G,home,True,0.9435,0.999623,IDLE,0.0,0.85,0.0
2002,81,9,3,BEV 2nd Vehicle,V2G,home,True,0.9435,0.999621,IDLE,0.0,0.85,0.0
2002,82,10,3,BEV 2nd Vehicle,V2G,driving,False,0.9332,0.999618,DRIVING,0.0,0.85,0.0
2002,83,11,3,BEV 2nd Vehicle,V2G,work,False,0.9332,0.999615,IDLE,0.0,0.85,0.0
2002,84,12,3,BEV 2nd Vehicle,V2G,work,False,0.9332,0.999613,IDLE,0.0,0.85,0.0
2002,85,13,3,BEV 2nd Vehicle,V2G,work,False,0.9332,0.99961,IDLE,0.0,0.85,0.0
2002,86,14,3,BEV 2nd Vehicle,V2G,work,False,0.9332,0.999607,IDLE,0.0,0.85,0.0
2002,87,15,3,BEV 2nd Vehicle,V2G,work,False,0.9332,0.999605,IDLE,0.0,0.85,0.0
2002,88,16,3,BEV 2nd Vehicle,V2G,driving,False,0.9229,0.999602,DRIVING,0.0,0.85,0.0
2002,89,17,3,BEV 2nd Vehicle,V2G,home,True,0.7948,0.999591,DISCHARGE,-9.12,1.69,-11.5596
2002,90,18,3,BEV 2nd Vehicle,V2G,home,True,0.6668,0.99958,DISCHARGE,-9.12,1.69,-11.5596
2002,91,19,3,BEV 2nd Vehicle,V2G,home,True,0.5387,0.999569,DISCHARGE,-9.12,1.69,-11.5596
2002,92,20,3,BEV 2nd Vehicle,V2G,home,True,0.5,0.999565,DISCHARGE,-2.7567,1.69,-3.4941
2002,93,21,3,BEV 2nd Vehicle,V2G,home,True,0.5,0.999562,IDLE,0.0,1.69,0.0
2002,94,22,3,BEV 2nd Vehicle,V2G,home,True,0.5,0.99956,IDLE,0.0,1.69,0.0
2002,95,23,3,BEV 2nd Vehicle,V2G,home,True,0.5887,0.999551,CHARGE,7.0,0.53,3.71
2002,96,0,4,BEV 2nd Vehicle,V2G,home,True,0.6774,0.999542,CHARGE,7.0,0.53,3.71
2002,97,1,4,BEV 2nd Vehicle,V2G,home,True,0.7661,0.999533,CHARGE,7.0,0.53,3.71
2002,98,2,4,BEV 2nd Vehicle,V2G,home,True,0.8548,0.999524,CHARGE,7.0,0.53,3.71
2002,99,3,4,BEV 2nd Vehicle,V2G,home,True,0.9435,0.999515,CHARGE,7.0,0.53,3.71
2002,100,4,4,BEV 2nd Vehicle,V2G,home,True,0.9435,0.999512,IDLE,0.0,0.53,0.0
2002,101,5,4,BEV 2nd Vehicle,V2G,home,True,0.9435,0.99951,IDLE,0.0,0.53,0.0
2002,102,6,4,BEV 2nd Vehicle,V2G,home,True,0.9435,0.999507,IDLE,0.0,0.53,0.0
2002,103,7,4,BEV 2nd Vehicle,V2G,home,True,0.9435,0.999504,IDLE,0.0,0.85,0.0
2002,104,8,4,BEV 2nd Vehicle,V2G,home,True,0.9435,0.999502,IDLE,0.0,0.85,0.0
2002,105,9,4,BEV 2nd Vehicle,V2G,home,True,0.9435,0.999499,IDLE,0.0,0.85,0.0
2002,106,10,4,BEV 2nd Vehicle,V2G,driving,False,0.8989,0.999496,DRIVING,0.0,0.85,0.0
2002,107,11,4,BEV 2nd Vehicle,V2G,work,False,0.8989,0.999494,IDLE,0.0,0.85,0.0
2002,108,12,4,BEV 2nd Vehicle,V2G,work,False,0.8989,0.999491,IDLE,0.0,0.85,0.0
2002,109,13,4,BEV 2nd Vehicle,V2G,work,False,0.8989,0.999489,IDLE,0.0,0.85,0.0
2002,110,14,4,BEV 2nd Vehicle,V2G,work,False,0.8989,0.999486,IDLE,0.0,0.85,0.0
2002,111,15,4,BEV 2nd Vehicle,V2G,work,False,0.8989,0.999483,IDLE,0.0,0.85,0.0
2002,112,16,4,BEV 2nd Vehicle,V2G,driving,False,0.8542,0.999481,DRIVING,0.0,0.85,0.0
2002,113,17,4,BEV 2nd Vehicle,V2G,home,True,0.7261,0.99947,DISCHARGE,-9.12,1.69,-11.5596
2002,114,18,4,BEV 2nd Vehicle,V2G,home,True,0.598,0.999459,DISCHARGE,-9.12,1.69,-11.5596
2002,115,19,4,BEV 2nd Vehicle,V2G,home,True,0.5,0.99945,DISCHARGE,-6.9815,1.69,-8.8491
2002,116,20,4,BEV 2nd Vehicle,V2G,home,True,0.5,0.999448,IDLE,0.0,1.69,0.0
2002,117,21,4,BEV 2nd Vehicle,V2G,home,True,0.5,0.999446,IDLE,0.0,1.69,0.0
2002,118,22,4,BEV 2nd Vehicle,V2G,home,True,0.5,0.999444,IDLE,0.0,1.69,0.0
2002,119,23,4,BEV 2nd Vehicle,V2G,home,True,0.5887,0.999435,CHARGE,7.0,0.53,3.71
2002,120,0,5,BEV 2nd Vehicle,V2G,home,True,0.6774,0.999426,CHARGE,7.0,0.53,3.71
2002,121,1,5,BEV 2nd Vehicle,V2G,home,True,0.7662,0.999417,CHARGE,7.0,0.53,3.71
2002,122,2,5,BEV 2nd Vehicle,V2G,home,True,0.8549,0.999408,CHARGE,7.0,0.53,3.71
2002,123,3,5,BEV 2nd Vehicle,V2G,home,True,0.9436,0.999399,CHARGE,7.0,0.53,3.71
2002,124,4,5,BEV 2nd Vehicle,V2G,home,True,0.9436,0.999396,IDLE,0.0,0.53,0.0
2002,125,5,5,BEV 2nd Vehicle,V2G,home,True,0.9436,0.999393,IDLE,0.0,0.53,0.0
2002,126,6,5,BEV 2nd Vehicle,V2G,home,True,0.9436,0.999391,IDLE,0.0,0.53,0.0
2002,127,7,5,BEV 2nd Vehicle,V2G,home,True,0.9436,0.999388,IDLE,0.0,0.85,0.0
2002,128,8,5,BEV 2nd Vehicle,V2G,home,True,0.9436,0.999385,IDLE,0.0,0.85,0.0
2002,129,9,5,BEV 2nd Vehicle,V2G,home,True,0.9436,0.999383,IDLE,0.0,0.85,0.0
2002,130,10,5,BEV 2nd Vehicle,V2G,home,True,0.9436,0.99938,IDLE,0.0,0.85,0.0
2002,131,11,5,BEV 2nd Vehicle,V2G,driving,False,0.9184,0.999377,DRIVING,0.0,0.85,0.0
2002,132,12,5,BEV 2nd Vehicle,V2G,work,False,0.9184,0.999375,IDLE,0.0,0.85,0.0
2002,133,13,5,BEV 2nd Vehicle,V2G,work,False,0.9184,0.999372,IDLE,0.0,0.85,0.0
2002,134,14,5,BEV 2nd Vehicle,V2G,work,False,0.9184,0.99937,IDLE,0.0,0.85,0.0
2002,135,15,5,BEV 2nd Vehicle,V2G,work,False,0.9184,0.999367,IDLE,0.0,0.85,0.0
2002,136,16,5,BEV 2nd Vehicle,V2G,driving,False,0.8932,0.999364,DRIVING,0.0,0.85,0.0
2002,137,17,5,BEV 2nd Vehicle,V2G,home,True,0.7651,0.999353,DISCHARGE,-9.12,1.69,-11.5596
2002,138,18,5,BEV 2nd Vehicle,V2G,home,True,0.637,0.999342,DISCHARGE,-9.12,1.69,-11.5596
2002,139,19,5,BEV 2nd Vehicle,V2G,home,True,0.5089,0.999332,DISCHARGE,-9.12,1.69,-11.5596
2002,140,20,5,BEV 2nd Vehicle,V2G,home,True,0.5,0.999329,DISCHARGE,-0.6361,1.69,-0.8063
2002,141,21,5,BEV 2nd Vehicle,V2G,home,True,0.5,0.999327,IDLE,0.0,1.69,0.0
2002,142,22,5,BEV 2nd Vehicle,V2G,home,True,0.5,0.999325,IDLE,0.0,1.69,0.0
2002,143,23,5,BEV 2nd Vehicle,V2G,home,True,0.5887,0.999316,CHARGE,7.0,0.53,3.71
2002,144,0,6,BEV 2nd Vehicle,V2G,home,True,0.6775,0.999307,CHARGE,7.0,0.53,3.71
2002,145,1,6,BEV 2nd Vehicle,V2G,home,True,0.7662,0.999298,CHARGE,7.0,0.53,3.71
2002,146,2,6,BEV 2nd Vehicle,V2G,home,True,0.8549,0.999289,CHARGE,7.0,0.53,3.71
2002,147,3,6,BEV 2nd Vehicle,V2G,home,True,0.9436,0.99928,CHARGE,7.0,0.53,3.71
2002,148,4,6,BEV 2nd Vehicle,V2G,home,True,0.9436,0.999277,IDLE,0.0,0.53,0.0
2002,149,5,6,BEV 2nd Vehicle,V2G,home,True,0.9436,0.999274,IDLE,0.0,0.53,0.0
2002,150,6,6,BEV 2nd Vehicle,V2G,home,True,0.9436,0.999272,IDLE,0.0,0.53,0.0
2002,151,7,6,BEV 2nd Vehicle,V2G,home,True,0.9436,0.999269,IDLE,0.0,0.85,0.0
2002,152,8,6,BEV 2nd Vehicle,V2G,home,True,0.9436,0.999266,IDLE,0.0,0.85,0.0
2002,153,9,6,BEV 2nd Vehicle,V2G,home,True,0.9436,0.999264,IDLE,0.0,0.85,0.0
2002,154,10,6,BEV 2nd Vehicle,V2G,home,True,0.9436,0.999261,IDLE,0.0,0.85,0.0
2002,155,11,6,BEV 2nd Vehicle,V2G,driving,False,0.931,0.999258,DRIVING,0.0,0.85,0.0
2002,156,12,6,BEV 2nd Vehicle,V2G,work,False,0.931,0.999256,IDLE,0.0,0.85,0.0
2002,157,13,6,BEV 2nd Vehicle,V2G,work,False,0.931,0.999253,IDLE,0.0,0.85,0.0
2002,158,14,6,BEV 2nd Vehicle,V2G,work,False,0.931,0.99925,IDLE,0.0,0.85,0.0
2002,159,15,6,BEV 2nd Vehicle,V2G,work,False,0.931,0.999248,IDLE,0.0,0.85,0.0
2002,160,16,6,BEV 2nd Vehicle,V2G,driving,False,0.9184,0.999245,DRIVING,0.0,0.85,0.0
2002,161,17,6,BEV 2nd Vehicle,V2G,home,True,0.7903,0.999234,DISCHARGE,-9.12,1.69,-11.5596
2002,162,18,6,BEV 2nd Vehicle,V2G,home,True,0.6622,0.999223,DISCHARGE,-9.12,1.69,-11.5596
2002,163,19,6,BEV 2nd Vehicle,V2G,home,True,0.5341,0.999212,DISCHARGE,-9.12,1.69,-11.5596
2002,164,20,6,BEV 2nd Vehicle,V2G,home,True,0.5,0.999208,DISCHARGE,-2.4265,1.69,-3.0756
2002,165,21,6,BEV 2nd Vehicle,V2G,home,True,0.5,0.999206,IDLE,0.0,1.69,0.0
2002,166,22,6,BEV 2nd Vehicle,V2G,home,True,0.5,0.999204,IDLE,0.0,1.69,0.0
2002,167,23,6,BEV 2nd Vehicle,V2G,home,True,0.5887,0.999195,CHARGE,7.0,0.53,3.71
2003,0,0,0,BEV 2nd Vehicle,V2G,home,True,0.9108,0.999978,CHARGE,7.0,0.53,3.71
2003,1,1,0,BEV 2nd Vehicle,V2G,home,True,0.9108,0.999975,IDLE,0.0,0.53,0.0
2003,2,2,0,BEV 2nd Vehicle,V2G,home,True,0.9108,0.999972,IDLE,0.0,0.53,0.0
2003,3,3,0,BEV 2nd Vehicle,V2G,home,True,0.9108,0.99997,IDLE,0.0,0.53,0.0
2003,4,4,0,BEV 2nd Vehicle,V2G,home,True,0.9108,0.999967,IDLE,0.0,0.53,0.0
2003,5,5,0,BEV 2nd Vehicle,V2G,home,True,0.9108,0.999965,IDLE,0.0,0.53,0.0
2003,6,6,0,BEV 2nd Vehicle,V2G,home,True,0.9108,0.999962,IDLE,0.0,0.53,0.0
2003,7,7,0,BEV 2nd Vehicle,V2G,home,True,0.9108,0.999959,IDLE,0.0,0.85,0.0
2003,8,8,0,BEV 2nd Vehicle,V2G,home,True,0.9108,0.999957,IDLE,0.0,0.85,0.0
2003,9,9,0,BEV 2nd Vehicle,V2G,home,True,0.9108,0.999954,IDLE,0.0,0.85,0.0
2003,10,10,0,BEV 2nd Vehicle,V2G,driving,False,0.8944,0.999951,DRIVING,0.0,0.85,0.0
2003,11,11,0,BEV 2nd Vehicle,V2G,work,False,0.8944,0.999949,IDLE,0.0,0.85,0.0
2003,12,12,0,BEV 2nd Vehicle,V2G,work,False,0.8944,0.999946,IDLE,0.0,0.85,0.0
2003,13,13,0,BEV 2nd Vehicle,V2G,work,False,0.8944,0.999944,IDLE,0.0,0.85,0.0
2003,14,14,0,BEV 2nd Vehicle,V2G,work,False,0.8944,0.999941,IDLE,0.0,0.85,0.0
2003,15,15,0,BEV 2nd Vehicle,V2G,driving,False,0.878,0.999938,DRIVING,0.0,0.85,0.0
2003,16,16,0,BEV 2nd Vehicle,V2G,home,True,0.878,0.999936,IDLE,0.0,0.85,0.0
2003,17,17,0,BEV 2nd Vehicle,V2G,home,True,0.7179,0.999908,DISCHARGE,-9.12,1.69,-11.5596
2003,18,18,0,BEV 2nd Vehicle,V2G,home,True,0.5579,0.99988,DISCHARGE,-9.12,1.69,-11.5596
2003,19,19,0,BEV 2nd Vehicle,V2G,home,True,0.5,0.999869,DISCHARGE,-3.3019,1.69,-4.1851
2003,20,20,0,BEV 2nd Vehicle,V2G,home,True,0.5,0.999866,IDLE,0.0,1.69,0.0
2003,21,21,0,BEV 2nd Vehicle,V2G,home,True,0.5,0.999864,IDLE,0.0,1.69,0.0
2003,22,22,0,BEV 2nd Vehicle,V2G,home,True,0.5,0.999862,IDLE,0.0,1.69,0.0
2003,23,23,0,BEV 2nd Vehicle,V2G,home,True,0.6108,0.99984,CHARGE,7.0,0.53,3.71
2003,24,0,1,BEV 2nd Vehicle,V2G,home,True,0.7217,0.999818,CHARGE,7.0,0.53,3.71
2003,25,1,1,BEV 2nd Vehicle,V2G,home,True,0.8326,0.999796,CHARGE,7.0,0.53,3.71
2003,26,2,1,BEV 2nd Vehicle,V2G,home,True,0.9434,0.999774,CHARGE,7.0,0.53,3.71
2003,27,3,1,BEV 2nd Vehicle,V2G,home,True,0.9434,0.999771,IDLE,0.0,0.53,0.0
2003,28,4,1,BEV 2nd Vehicle,V2G,home,True,0.9434,0.999768,IDLE,0.0,0.53,0.0
2003,29,5,1,BEV 2nd Vehicle,V2G,home,True,0.9434,0.999766,IDLE,0.0,0.53,0.0
2003,30,6,1,BEV 2nd Vehicle,V2G,home,True,0.9434,0.999763,IDLE,0.0,0.53,0.0
2003,31,7,1,BEV 2nd Vehicle,V2G,home,True,0.9434,0.99976,IDLE,0.0,0.85,0.0
2003,32,8,1,BEV 2nd Vehicle,V2G,home,True,0.9434,0.999758,IDLE,0.0,0.85,0.0
2003,33,9,1,BEV 2nd Vehicle,V2G,home,True,0.9434,0.999755,IDLE,0.0,0.85,0.0
2003,34,10,1,BEV 2nd Vehicle,V2G,home,True,0.9434,0.999752,IDLE,0.0,0.85,0.0
2003,35,11,1,BEV 2nd Vehicle,V2G,home,True,0.9434,0.99975,IDLE,0.0,0.85,0.0
2003,36,12,1,BEV 2nd Vehicle,V2G,home,True,0.9434,0.999747,IDLE,0.0,0.85,0.0
2003,37,13,1,BEV 2nd Vehicle,V2G,home,True,0.9434,0.999744,IDLE,0.0,0.85,0.0
2003,38,14,1,BEV 2nd Vehicle,V2G,home,True,0.9434,0.999742,IDLE,0.0,0.85,0.0
2003,39,15,1,BEV 2nd Vehicle,V2G,home,True,0.9434,0.999739,IDLE,0.0,0.85,0.0
2003,40,16,1,BEV 2nd Vehicle,V2G,home,True,0.9434,0.999736,IDLE,0.0,0.85,0.0
2003,41,17,1,BEV 2nd Vehicle,V2G,home,True,0.7834,0.999708,DISCHARGE,-9.12,1.69,-11.5596
2003,42,18,1,BEV 2nd Vehicle,V2G,home,True,0.6233,0.99968,DISCHARGE,-9.12,1.69,-11.5596
2003,43,19,1,BEV 2nd Vehicle,V2G,home,True,0.5,0.999659,DISCHARGE,-7.027,1.69,-8.9067
2003,44,20,1,BEV 2nd Vehicle,V2G,home,True,0.5,0.999656,IDLE,0.0,1.69,0.0
2003,45,21,1,BEV 2nd Vehicle,V2G,home,True,0.5,0.999654,IDLE,0.0,1.69,0.0
2003,46,22,1,BEV 2nd Vehicle,V2G,home,True,0.5,0.999652,IDLE,0.0,1.69,0.0
2003,47,23,1,BEV 2nd Vehicle,V2G,home,True,0.6109,0.99963,CHARGE,7.0,0.53,3.71
2003,48,0,2,BEV 2nd Vehicle,V2G,home,True,0.7217,0.999608,CHARGE,7.0,0.53,3.71
2003,49,1,2,BEV 2nd Vehicle,V2G,home,True,0.8326,0.999586,CHARGE,7.0,0.53,3.71
2003,50,2,2,BEV 2nd Vehicle,V2G,home,True,0.9435,0.999564,CHARGE,7.0,0.53,3.71
2003,51,3,2,BEV 2nd Vehicle,V2G,home,True,0.9435,0.999561,IDLE,0.0,0.53,0.0
2003,52,4,2,BEV 2nd Vehicle,V2G,home,True,0.9435,0.999558,IDLE,0.0,0.53,0.0
2003,53,5,2,BEV 2nd Vehicle,V2G,home,True,0.9435,0.999556,IDLE,0.0,0.53,0.0
2003,54,6,2,BEV 2nd Vehicle,V2G,home,True,0.9435,0.999553,IDLE,0.0,0.53,0.0
2003,55,7,2,BEV 2nd Vehicle,V2G,home,True,0.9435,0.99955,IDLE,0.0,0.85,0.0
2003,56,8,2,BEV 2nd Vehicle,V2G,home,True,0.9435,0.999548,IDLE,0.0,0.85,0.0
2003,57,9,2,BEV 2nd Vehicle,V2G,home,True,0.9435,0.999545,IDLE,0.0,0.85,0.0
2003,58,10,2,BEV 2nd Vehicle,V2G,driving,False,0.9161,0.999542,DRIVING,0.0,0.85,0.0
2003,59,11,2,BEV 2nd Vehicle,V2G,work,False,0.9161,0.99954,IDLE,0.0,0.85,0.0
2003,60,12,2,BEV 2nd Vehicle,V2G,work,False,0.9161,0.999537,IDLE,0.0,0.85,0.0
2003,61,13,2,BEV 2nd Vehicle,V2G,work,False,0.9161,0.999534,IDLE,0.0,0.85,0.0
2003,62,14,2,BEV 2nd Vehicle,V2G,work,False,0.9161,0.999532,IDLE,0.0,0.85,0.0
2003,63,15,2,BEV 2nd Vehicle,V2G,driving,False,0.8888,0.999529,DRIVING,0.0,0.85,0.0
2003,64,16,2,BEV 2nd Vehicle,V2G,home,True,0.8888,0.999527,IDLE,0.0,0.85,0.0
2003,65,17,2,BEV 2nd Vehicle,V2G,home,True,0.7287,0.999499,DISCHARGE,-9.12,1.69,-11.5596
2003,66,18,2,BEV 2nd Vehicle,V2G,home,True,0.5686,0.999471,DISCHARGE,-9.12,1.69,-11.5596
2003,67,19,2,BEV 2nd Vehicle,V2G,home,True,0.5,0.999458,DISCHARGE,-3.9084,1.69,-4.9539
2003,68,20,2,BEV 2nd Vehicle,V2G,home,True,0.5,0.999456,IDLE,0.0,1.69,0.0
2003,69,21,2,BEV 2nd Vehicle,V2G,home,True,0.5,0.999453,IDLE,0.0,1.69,0.0
2003,70,22,2,BEV 2nd Vehicle,V2G,home,True,0.5,0.999451,IDLE,0.0,1.69,0.0
2003,71,23,2,BEV 2nd Vehicle,V2G,home,True,0.6109,0.999429,CHARGE,7.0,0.53,3.71
2003,72,0,3,BEV 2nd Vehicle,V2G,home,True,0.7218,0.999407,CHARGE,7.0,0.53,3.71
2003,73,1,3,BEV 2nd Vehicle,V2G,home,True,0.8327,0.999385,CHARGE,7.0,0.53,3.71
2003,74,2,3,BEV 2nd Vehicle,V2G,home,True,0.9436,0.999363,CHARGE,7.0,0.53,3.71
2003,75,3,3,BEV 2nd Vehicle,V2G,home,True,0.9436,0.99936,IDLE,0.0,0.53,0.0
2003,76,4,3,BEV 2nd Vehicle,V2G,home,True,0.9436,0.999357,IDLE,0.0,0.53,0.0
2003,77,5,3,BEV 2nd Vehicle,V2G,home,True,0.9436,0.999355,IDLE,0.0,0.53,0.0
2003,78,6,3,BEV 2nd Vehicle,V2G,home,True,0.9436,0.999352,IDLE,0.0,0.53,0.0
2003,79,7,3,BEV 2nd Vehicle,V2G,home,True,0.9436,0.999349,IDLE,0.0,0.85,0.0
2003,80,8,3,BEV 2nd Vehicle,V2G,home,True,0.9436,0.999347,IDLE,0.0,0.85,0.0
2003,81,9,3,BEV 2nd Vehicle,V2G,home,True,0.9436,0.999344,IDLE,0.0,0.85,0.0
2003,82,10,3,BEV 2nd Vehicle,V2G,driving,False,0.8722,0.999342,DRIVING,0.0,0.85,0.0
2003,83,11,3,BEV 2nd Vehicle,V2G,work,False,0.8722,0.999339,IDLE,0.0,0.85,0.0
2003,84,12,3,BEV 2nd Vehicle,V2G,work,False,0.8722,0.999336,IDLE,0.0,0.85,0.0
2003,85,13,3,BEV 2nd Vehicle,V2G,work,False,0.8722,0.999334,IDLE,0.0,0.85,0.0
2003,86,14,3,BEV 2nd Vehicle,V2G,work,False,0.8722,0.999331,IDLE,0.0,0.85,0.0
2003,87,15,3,BEV 2nd Vehicle,V2G,driving,False,0.8008,0.999329,DRIVING,0.0,0.85,0.0
2003,88,16,3,BEV 2nd Vehicle,V2G,home,True,0.9117,0.999306,CHARGE,7.0,0.85,5.95
2003,89,17,3,BEV 2nd Vehicle,V2G,home,True,0.7516,0.999278,DISCHARGE,-9.12,1.69,-11.5596
2003,90,18,3,BEV 2nd Vehicle,V2G,home,True,0.5915,0.999251,DISCHARGE,-9.12,1.69,-11.5596
2003,91,19,3,BEV 2nd Vehicle,V2G,home,True,0.5,0.999234,DISCHARGE,-5.212,1.69,-6.6062
2003,92,20,3,BEV 2nd Vehicle,V2G,home,True,0.5,0.999232,IDLE,0.0,1.69,0.0
2003,93,21,3,BEV 2nd Vehicle,V2G,home,True,0.5,0.999229,IDLE,0.0,1.69,0.0
2003,94,22,3,BEV 2nd Vehicle,V2G,home,True,0.5,0.999227,IDLE,0.0,1.69,0.0
2003,95,23,3,BEV 2nd Vehicle,V2G,home,True,0.6109,0.999205,CHARGE,7.0,0.53,3.71
2003,96,0,4,BEV 2nd Vehicle,V2G,home,True,0.7218,0.999183,CHARGE,7.0,0.53,3.71
2003,97,1,4,BEV 2nd Vehicle,V2G,home,True,0.8328,0.999161,CHARGE,7.0,0.53,3.71
2003,98,2,4,BEV 2nd Vehicle,V2G,home,True,0.9437,0.999139,CHARGE,7.0,0.53,3.71
2003,99,3,4,BEV 2nd Vehicle,V2G,home,True,0.9437,0.999136,IDLE,0.0,0.53,0.0
2003,100,4,4,BEV 2nd Vehicle,V2G,home,True,0.9437,0.999134,IDLE,0.0,0.53,0.0
2003,101,5,4,BEV 2nd Vehicle,V2G,home,True,0.9437,0.999131,IDLE,0.0,0.53,0.0
2003,102,6,4,BEV 2nd Vehicle,V2G,home,True,0.9437,0.999128,IDLE,0.0,0.53,0.0
2003,103,7,4,BEV 2nd Vehicle,V2G,home,True,0.9437,0.999126,IDLE,0.0,0.85,0.0
2003,104,8,4,BEV 2nd Vehicle,V2G,home,True,0.9437,0.999123,IDLE,0.0,0.85,0.0
2003,105,9,4,BEV 2nd Vehicle,V2G,home,True,0.9437,0.99912,IDLE,0.0,0.85,0.0
2003,106,10,4,BEV 2nd Vehicle,V2G,home,True,0.9437,0.999118,IDLE,0.0,0.85,0.0
2003,107,11,4,BEV 2nd Vehicle,V2G,home,True,0.9437,0.999115,IDLE,0.0,0.85,0.0
2003,108,12,4,BEV 2nd Vehicle,V2G,home,True,0.9437,0.999112,IDLE,0.0,0.85,0.0
2003,109,13,4,BEV 2nd Vehicle,V2G,home,True,0.9437,0.99911,IDLE,0.0,0.85,0.0
2003,110,14,4,BEV 2nd Vehicle,V2G,home,True,0.9437,0.999107,IDLE,0.0,0.85,0.0
2003,111,15,4,BEV 2nd Vehicle,V2G,home,True,0.9437,0.999104,IDLE,0.0,0.85,0.0
2003,112,16,4,BEV 2nd Vehicle,V2G,home,True,0.9437,0.999102,IDLE,0.0,0.85,0.0
2003,113,17,4,BEV 2nd Vehicle,V2G,home,True,0.7835,0.999073,DISCHARGE,-9.12,1.69,-11.5596
2003,114,18,4,BEV 2nd Vehicle,V2G,home,True,0.6234,0.999046,DISCHARGE,-9.12,1.69,-11.5596
2003,115,19,4,BEV 2nd Vehicle,V2G,home,True,0.5,0.999024,DISCHARGE,-7.027,1.69,-8.9067
2003,116,20,4,BEV 2nd Vehicle,V2G,home,True,0.5,0.999022,IDLE,0.0,1.69,0.0
2003,117,21,4,BEV 2nd Vehicle,V2G,home,True,0.5,0.999019,IDLE,0.0,1.69,0.0
2003,118,22,4,BEV 2nd Vehicle,V2G,home,True,0.5,0.999017,IDLE,0.0,1.69,0.0
2003,119,23,4,BEV 2nd Vehicle,V2G,home,True,0.6109,0.998995,CHARGE,7.0,0.53,3.71
2003,120,0,5,BEV 2nd Vehicle,V2G,home,True,0.7219,0.998973,CHARGE,7.0,0.53,3.71
2003,121,1,5,BEV 2nd Vehicle,V2G,home,True,0.8328,0.998951,CHARGE,7.0,0.53,3.71
2003,122,2,5,BEV 2nd Vehicle,V2G,home,True,0.9438,0.998929,CHARGE,7.0,0.53,3.71
2003,123,3,5,BEV 2nd Vehicle,V2G,home,True,0.9438,0.998926,IDLE,0.0,0.53,0.0
2003,124,4,5,BEV 2nd Vehicle,V2G,home,True,0.9438,0.998924,IDLE,0.0,0.53,0.0
2003,125,5,5,BEV 2nd Vehicle,V2G,home,True,0.9438,0.998921,IDLE,0.0,0.53,0.0
2003,126,6,5,BEV 2nd Vehicle,V2G,home,True,0.9438,0.998918,IDLE,0.0,0.53,0.0
2003,127,7,5,BEV 2nd Vehicle,V2G,home,True,0.9438,0.998916,IDLE,0.0,0.85,0.0
2003,128,8,5,BEV 2nd Vehicle,V2G,home,True,0.9438,0.998913,IDLE,0.0,0.85,0.0
2003,129,9,5,BEV 2nd Vehicle,V2G,home,True,0.9438,0.99891,IDLE,0.0,0.85,0.0
2003,130,10,5,BEV 2nd Vehicle,V2G,home,True,0.9438,0.998908,IDLE,0.0,0.85,0.0
2003,131,11,5,BEV 2nd Vehicle,V2G,home,True,0.9438,0.998905,IDLE,0.0,0.85,0.0
2003,132,12,5,BEV 2nd Vehicle,V2G,home,True,0.9438,0.998902,IDLE,0.0,0.85,0.0
2003,133,13,5,BEV 2nd Vehicle,V2G,home,True,0.9438,0.9989,IDLE,0.0,0.85,0.0
2003,134,14,5,BEV 2nd Vehicle,V2G,home,True,0.9438,0.998897,IDLE,0.0,0.85,0.0
2003,135,15,5,BEV 2nd Vehicle,V2G,home,True,0.9438,0.998894,IDLE,0.0,0.85,0.0
2003,136,16,5,BEV 2nd Vehicle,V2G,home,True,0.9438,0.998891,IDLE,0.0,0.85,0.0
2003,137,17,5,BEV 2nd Vehicle,V2G,home,True,0.7836,0.998863,DISCHARGE,-9.12,1.69,-11.5596
2003,138,18,5,BEV 2nd Vehicle,V2G,home,True,0.6234,0.998836,DISCHARGE,-9.12,1.69,-11.5596
2003,139,19,5,BEV 2nd Vehicle,V2G,home,True,0.5,0.998814,DISCHARGE,-7.027,1.69,-8.9067
2003,140,20,5,BEV 2nd Vehicle,V2G,home,True,0.5,0.998812,IDLE,0.0,1.69,0.0
2003,141,21,5,BEV 2nd Vehicle,V2G,home,True,0.5,0.998809,IDLE,0.0,1.69,0.0
2003,142,22,5,BEV 2nd Vehicle,V2G,home,True,0.5,0.998807,IDLE,0.0,1.69,0.0
2003,143,23,5,BEV 2nd Vehicle,V2G,home,True,0.611,0.998785,CHARGE,7.0,0.53,3.71
2003,144,0,6,BEV 2nd Vehicle,V2G,home,True,0.7219,0.998763,CHARGE,7.0,0.53,3.71
2003,145,1,6,BEV 2nd Vehicle,V2G,home,True,0.8329,0.998741,CHARGE,7.0,0.53,3.71
2003,146,2,6,BEV 2nd Vehicle,V2G,home,True,0.9439,0.998719,CHARGE,7.0,0.53,3.71
2003,147,3,6,BEV 2nd Vehicle,V2G,home,True,0.9439,0.998716,IDLE,0.0,0.53,0.0
2003,148,4,6,BEV 2nd Vehicle,V2G,home,True,0.9439,0.998714,IDLE,0.0,0.53,0.0
2003,149,5,6,BEV 2nd Vehicle,V2G,home,True,0.9439,0.998711,IDLE,0.0,0.53,0.0
2003,150,6,6,BEV 2nd Vehicle,V2G,home,True,0.9439,0.998708,IDLE,0.0,0.53,0.0
2003,151,7,6,BEV 2nd Vehicle,V2G,home,True,0.9439,0.998706,IDLE,0.0,0.85,0.0
2003,152,8,6,BEV 2nd Vehicle,V2G,home,True,0.9439,0.998703,IDLE,0.0,0.85,0.0
2003,153,9,6,BEV 2nd Vehicle,V2G,home,True,0.9439,0.9987,IDLE,0.0,0.85,0.0
2003,154,10,6,BEV 2nd Vehicle,V2G,home,True,0.9439,0.998698,IDLE,0.0,0.85,0.0
2003,155,11,6,BEV 2nd Vehicle,V2G,home,True,0.9439,0.998695,IDLE,0.0,0.85,0.0
2003,156,12,6,BEV 2nd Vehicle,V2G,home,True,0.9439,0.998692,IDLE,0.0,0.85,0.0
2003,157,13,6,BEV 2nd Vehicle,V2G,home,True,0.9439,0.998689,IDLE,0.0,0.85,0.0
2003,158,14,6,BEV 2nd Vehicle,V2G,home,True,0.9439,0.998687,IDLE,0.0,0.85,0.0
2003,159,15,6,BEV 2nd Vehicle,V2G,home,True,0.9439,0.998684,IDLE,0.0,0.85,0.0
2003,160,16,6,BEV 2nd Vehicle,V2G,home,True,0.9439,0.998681,IDLE,0.0,0.85,0.0
2003,161,17,6,BEV 2nd Vehicle,V2G,home,True,0.7837,0.998653,DISCHARGE,-9.12,1.69,-11.5596
2003,162,18,6,BEV 2nd Vehicle,V2G,home,True,0.6235,0.998626,DISCHARGE,-9.12,1.69,-11.5596
2003,163,19,6,BEV 2nd Vehicle,V2G,home,True,0.5,0.998604,DISCHARGE,-7.027,1.69,-8.9067
2003,164,20,6,BEV 2nd Vehicle,V2G,home,True,0.5,0.998602,IDLE,0.0,1.69,0.0
2003,165,21,6,BEV 2nd Vehicle,V2G,home,True,0.5,0.998599,IDLE,0.0,1.69,0.0
2003,166,22,6,BEV 2nd Vehicle,V2G,home,True,0.5,0.998597,IDLE,0.0,1.69,0.0
2003,167,23,6,BEV 2nd Vehicle,V2G,home,True,0.611,0.998575,CHARGE,7.0,0.53,3.71
