agent_id,hour,hour_of_day,day_of_week,typology,counterfactual,location,plugged_in,soc,action,energy_kwh,price_per_kwh,cost_currency
1001,0,0,0,Public Charger,V2G,home,False,0.8,IDLE,0.0,0.53,0.0
1001,1,1,0,Public Charger,V2G,home,False,0.8,IDLE,0.0,0.53,0.0
1001,2,2,0,Public Charger,V2G,home,False,0.8,IDLE,0.0,0.53,0.0
1001,3,3,0,Public Charger,V2G,home,False,0.8,IDLE,0.0,0.53,0.0
1001,4,4,0,Public Charger,V2G,home,False,0.8,IDLE,0.0,0.53,0.0
1001,5,5,0,Public Charger,V2G,home,False,0.8,IDLE,0.0,0.53,0.0
1001,6,6,0,Public Charger,V2G,home,False,0.8,IDLE,0.0,0.53,0.0
1001,7,7,0,Public Charger,V2G,home,False,0.8,IDLE,0.0,0.85,0.0
1001,8,8,0,Public Charger,V2G,driving,False,0.7279,DRIVING,0.0,0.85,0.0
1001,9,9,0,Public Charger,V2G,work,True,0.8387,CHARGE,7.0,0.85,5.95
1001,10,10,0,Public Charger,V2G,work,True,0.8387,IDLE,0.0,0.85,0.0
1001,11,11,0,Public Charger,V2G,work,True,0.8387,IDLE,0.0,0.85,0.0
1001,12,12,0,Public Charger,V2G,work,True,0.8387,IDLE,0.0,0.85,0.0
1001,13,13,0,Public Charger,V2G,work,True,0.8387,IDLE,0.0,0.85,0.0
1001,14,14,0,Public Charger,V2G,work,True,0.8387,IDLE,0.0,0.85,0.0
1001,15,15,0,Public Charger,V2G,work,True,0.8387,IDLE,0.0,0.85,0.0
1001,16,16,0,Public Charger,V2G,work,True,0.8387,IDLE,0.0,0.85,0.0
1001,17,17,0,Public Charger,V2G,work,True,0.8387,IDLE,0.0,1.69,0.0
1001,18,18,0,Public Charger,V2G,driving,False,0.7666,DRIVING,0.0,1.69,0.0
1001,19,19,0,Public Charger,V2G,home,False,0.7666,IDLE,0.0,1.69,0.0
1001,20,20,0,Public Charger,V2G,home,False,0.7666,IDLE,0.0,1.69,0.0
1001,21,21,0,Public Charger,V2G,home,False,0.7666,IDLE,0.0,1.69,0.0
1001,22,22,0,Public Charger,V2G,home,False,0.7666,IDLE,0.0,1.69,0.0
1001,23,23,0,Public Charger,V2G,home,False,0.7666,IDLE,0.0,0.53,0.0
1001,24,0,1,Public Charger,V2G,home,False,0.7666,IDLE,0.0,0.53,0.0
1001,25,1,1,Public Charger,V2G,home,False,0.7666,IDLE,0.0,0.53,0.0
1001,26,2,1,Public Charger,V2G,home,False,0.7666,IDLE,0.0,0.53,0.0
1001,27,3,1,Public Charger,V2G,home,False,0.7666,IDLE,0.0,0.53,0.0
1001,28,4,1,Public Charger,V2G,home,False,0.7666,IDLE,0.0,0.53,0.0
1001,29,5,1,Public Charger,V2G,home,False,0.7666,IDLE,0.0,0.53,0.0
1001,30,6,1,Public Charger,V2G,home,False,0.7666,IDLE,0.0,0.53,0.0
1001,31,7,1,Public Charger,V2G,home,False,0.7666,IDLE,0.0,0.85,0.0
1001,32,8,1,Public Charger,V2G,driving,False,0.7261,DRIVING,0.0,0.85,0.0
1001,33,9,1,Public Charger,V2G,work,True,0.837,CHARGE,7.0,0.85,5.95
1001,34,10,1,Public Charger,V2G,work,True,0.837,IDLE,0.0,0.85,0.0
1001,35,11,1,Public Charger,V2G,work,True,0.837,IDLE,0.0,0.85,0.0
1001,36,12,1,Public Charger,V2G,work,True,0.837,IDLE,0.0,0.85,0.0
1001,37,13,1,Public Charger,V2G,work,True,0.837,IDLE,0.0,0.85,0.0
1001,38,14,1,Public Charger,V2G,work,True,0.837,IDLE,0.0,0.85,0.0
1001,39,15,1,Public Charger,V2G,work,True,0.837,IDLE,0.0,0.85,0.0
1001,40,16,1,Public Charger,V2G,work,True,0.837,IDLE,0.0,0.85,0.0
1001,41,17,1,Public Charger,V2G,work,True,0.837,IDLE,0.0,1.69,0.0
1001,42,18,1,Public Charger,V2G,driving,False,0.7965,DRIVING,0.0,1.69,0.0
1001,43,19,1,Public Charger,V2G,home,False,0.7965,IDLE,0.0,1.69,0.0
1001,44,20,1,Public Charger,V2G,home,False,0.7965,IDLE,0.0,1.69,0.0
1001,45,21,1,Public Charger,V2G,home,False,0.7965,IDLE,0.0,1.69,0.0
1001,46,22,1,Public Charger,V2G,home,False,0.7965,IDLE,0.0,1.69,0.0
1001,47,23,1,Public Charger,V2G,home,False,0.7965,IDLE,0.0,0.53,0.0
1001,48,0,2,Public Charger,V2G,home,False,0.7965,IDLE,0.0,0.53,0.0
1001,49,1,2,Public Charger,V2G,home,False,0.7965,IDLE,0.0,0.53,0.0
1001,50,2,2,Public Charger,V2G,home,False,0.7965,IDLE,0.0,0.53,0.0
1001,51,3,2,Public Charger,V2G,home,False,0.7965,IDLE,0.0,0.53,0.0
1001,52,4,2,Public Charger,V2G,home,False,0.7965,IDLE,0.0,0.53,0.0
1001,53,5,2,Public Charger,V2G,home,False,0.7965,IDLE,0.0,0.53,0.0
1001,54,6,2,Public Charger,V2G,home,False,0.7965,IDLE,0.0,0.53,0.0
1001,55,7,2,Public Charger,V2G,home,False,0.7965,IDLE,0.0,0.85,0.0
1001,56,8,2,Public Charger,V2G,driving,False,0.7152,DRIVING,0.0,0.85,0.0
1001,57,9,2,Public Charger,V2G,work,True,0.826,CHARGE,7.0,0.85,5.95
1001,58,10,2,Public Charger,V2G,work,True,0.826,IDLE,0.0,0.85,0.0
1001,59,11,2,Public Charger,V2G,work,True,0.826,IDLE,0.0,0.85,0.0
1001,60,12,2,Public Charger,V2G,work,True,0.826,IDLE,0.0,0.85,0.0
1001,61,13,2,Public Charger,V2G,work,True,0.826,IDLE,0.0,0.85,0.0
1001,62,14,2,Public Charger,V2G,work,True,0.826,IDLE,0.0,0.85,0.0
1001,63,15,2,Public Charger,V2G,work,True,0.826,IDLE,0.0,0.85,0.0
1001,64,16,2,Public Charger,V2G,work,True,0.826,IDLE,0.0,0.85,0.0
1001,65,17,2,Public Charger,V2G,work,True,0.826,IDLE,0.0,1.69,0.0
1001,66,18,2,Public Charger,V2G,driving,False,0.7447,DRIVING,0.0,1.69,0.0
1001,67,19,2,Public Charger,V2G,home,False,0.7447,IDLE,0.0,1.69,0.0
1001,68,20,2,Public Charger,V2G,home,False,0.7447,IDLE,0.0,1.69,0.0
1001,69,21,2,Public Charger,V2G,home,False,0.7447,IDLE,0.0,1.69,0.0
1001,70,22,2,Public Charger,V2G,home,False,0.7447,IDLE,0.0,1.69,0.0
1001,71,23,2,Public Charger,V2G,home,False,0.7447,IDLE,0.0,0.53,0.0
1001,72,0,3,Public Charger,V2G,home,False,0.7447,IDLE,0.0,0.53,0.0
1001,73,1,3,Public Charger,V2G,home,False,0.7447,IDLE,0.0,0.53,0.0
1001,74,2,3,Public Charger,V2G,home,False,0.7447,IDLE,0.0,0.53,0.0
1001,75,3,3,Public Charger,V2G,home,False,0.7447,IDLE,0.0,0.53,0.0
1001,76,4,3,Public Charger,V2G,home,False,0.7447,IDLE,0.0,0.53,0.0
1001,77,5,3,Public Charger,V2G,home,False,0.7447,IDLE,0.0,0.53,0.0
1001,78,6,3,Public Charger,V2G,home,False,0.7447,IDLE,0.0,0.53,0.0
1001,79,7,3,Public Charger,V2G,home,False,0.7447,IDLE,0.0,0.85,0.0
1001,80,8,3,Public Charger,V2G,driving,False,0.694,DRIVING,0.0,0.85,0.0
1001,81,9,3,Public Charger,V2G,work,True,0.8048,CHARGE,7.0,0.85,5.95
1001,82,10,3,Public Charger,V2G,work,True,0.8048,IDLE,0.0,0.85,0.0
1001,83,11,3,Public Charger,V2G,work,True,0.8048,IDLE,0.0,0.85,0.0
1001,84,12,3,Public Charger,V2G,work,True,0.8048,IDLE,0.0,0.85,0.0
1001,85,13,3,Public Charger,V2G,work,True,0.8048,IDLE,0.0,0.85,0.0
1001,86,14,3,Public Charger,V2G,work,True,0.8048,IDLE,0.0,0.85,0.0
1001,87,15,3,Public Charger,V2G,work,True,0.8048,IDLE,0.0,0.85,0.0
1001,88,16,3,Public Charger,V2G,work,True,0.8048,IDLE,0.0,0.85,0.0
1001,89,17,3,Public Charger,V2G,work,True,0.8048,IDLE,0.0,1.69,0.0
1001,90,18,3,Public Charger,V2G,driving,False,0.7541,DRIVING,0.0,1.69,0.0
1001,91,19,3,Public Charger,V2G,home,False,0.7541,IDLE,0.0,1.69,0.0
1001,92,20,3,Public Charger,V2G,home,False,0.7541,IDLE,0.0,1.69,0.0
1001,93,21,3,Public Charger,V2G,home,False,0.7541,IDLE,0.0,1.69,0.0
1001,94,22,3,Public Charger,V2G,home,False,0.7541,IDLE,0.0,1.69,0.0
1001,95,23,3,Public Charger,V2G,home,False,0.7541,IDLE,0.0,0.53,0.0
1001,96,0,4,Public Charger,V2G,home,False,0.7541,IDLE,0.0,0.53,0.0
1001,97,1,4,Public Charger,V2G,home,False,0.7541,IDLE,0.0,0.53,0.0
1001,98,2,4,Public Charger,V2G,home,False,0.7541,IDLE,0.0,0.53,0.0
1001,99,3,4,Public Charger,V2G,home,False,0.7541,IDLE,0.0,0.53,0.0
1001,100,4,4,Public Charger,V2G,home,False,0.7541,IDLE,0.0,0.53,0.0
1001,101,5,4,Public Charger,V2G,home,False,0.7541,IDLE,0.0,0.53,0.0
1001,102,6,4,Public Charger,V2G,home,False,0.7541,IDLE,0.0,0.53,0.0
1001,103,7,4,Public Charger,V2G,home,False,0.7541,IDLE,0.0,0.85,0.0
1001,104,8,4,Public Charger,V2G,driving,False,0.7215,DRIVING,0.0,0.85,0.0
1001,105,9,4,Public Charger,V2G,work,True,0.8323,CHARGE,7.0,0.85,5.95
1001,106,10,4,Public Charger,V2G,work,True,0.8323,IDLE,0.0,0.85,0.0
1001,107,11,4,Public Charger,V2G,work,True,0.8323,IDLE,0.0,0.85,0.0
1001,108,12,4,Public Charger,V2G,work,True,0.8323,IDLE,0.0,0.85,0.0
1001,109,13,4,Public Charger,V2G,work,True,0.8323,IDLE,0.0,0.85,0.0
1001,110,14,4,Public Charger,V2G,work,True,0.8323,IDLE,0.0,0.85,0.0
1001,111,15,4,Public Charger,V2G,work,True,0.8323,IDLE,0.0,0.85,0.0
1001,112,16,4,Public Charger,V2G,work,True,0.8323,IDLE,0.0,0.85,0.0
1001,113,17,4,Public Charger,V2G,work,True,0.8323,IDLE,0.0,1.69,0.0
1001,114,18,4,Public Charger,V2G,driving,False,0.7998,DRIVING,0.0,1.69,0.0
1001,115,19,4,Public Charger,V2G,home,False,0.7998,IDLE,0.0,1.69,0.0
1001,116,20,4,Public Charger,V2G,home,False,0.7998,IDLE,0.0,1.69,0.0
1001,117,21,4,Public Charger,V2G,home,False,0.7998,IDLE,0.0,1.69,0.0
1001,118,22,4,Public Charger,V2G,home,False,0.7998,IDLE,0.0,1.69,0.0
1001,119,23,4,Public Charger,V2G,home,False,0.7998,IDLE,0.0,0.53,0.0
1001,120,0,5,Public Charger,V2G,home,False,0.7998,IDLE,0.0,0.53,0.0
1001,121,1,5,Public Charger,V2G,home,False,0.7998,IDLE,0.0,0.53,0.0
1001,122,2,5,Public Charger,V2G,home,False,0.7998,IDLE,0.0,0.53,0.0
1001,123,3,5,Public Charger,V2G,home,False,0.7998,IDLE,0.0,0.53,0.0
1001,124,4,5,Public Charger,V2G,home,False,0.7998,IDLE,0.0,0.53,0.0
1001,125,5,5,Public Charger,V2G,home,False,0.7998,IDLE,0.0,0.53,0.0
1001,126,6,5,Public Charger,V2G,home,False,0.7998,IDLE,0.0,0.53,0.0
1001,127,7,5,Public Charger,V2G,home,False,0.7998,IDLE,0.0,0.85,0.0
1001,128,8,5,Public Charger,V2G,home,False,0.7998,IDLE,0.0,0.85,0.0
1001,129,9,5,Public Charger,V2G,home,False,0.7998,IDLE,0.0,0.85,0.0
1001,130,10,5,Public Charger,V2G,home,False,0.7998,IDLE,0.0,0.85,0.0
1001,131,11,5,Public Charger,V2G,driving,False,0.7651,DRIVING,0.0,0.85,0.0
1001,132,12,5,Public Charger,V2G,work,True,0.7651,IDLE,0.0,0.85,0.0
1001,133,13,5,Public Charger,V2G,work,True,0.7651,IDLE,0.0,0.85,0.0
1001,134,14,5,Public Charger,V2G,work,True,0.7651,IDLE,0.0,0.85,0.0
1001,135,15,5,Public Charger,V2G,work,True,0.7651,IDLE,0.0,0.85,0.0
1001,136,16,5,Public Charger,V2G,driving,False,0.7305,DRIVING,0.0,0.85,0.0
1001,137,17,5,Public Charger,V2G,home,False,0.7305,IDLE,0.0,1.69,0.0
1001,138,18,5,Public Charger,V2G,home,False,0.7305,IDLE,0.0,1.69,0.0
1001,139,19,5,Public Charger,V2G,home,False,0.7305,IDLE,0.0,1.69,0.0
1001,140,20,5,Public Charger,V2G,home,False,0.7305,IDLE,0.0,1.69,0.0
1001,141,21,5,Public Charger,V2G,home,False,0.7305,IDLE,0.0,1.69,0.0
1001,142,22,5,Public Charger,V2G,home,False,0.7305,IDLE,0.0,1.69,0.0
1001,143,23,5,Public Charger,V2G,home,False,0.7305,IDLE,0.0,0.53,0.0
1001,144,0,6,Public Charger,V2G,home,False,0.7305,IDLE,0.0,0.53,0.0
1001,145,1,6,Public Charger,V2G,home,False,0.7305,IDLE,0.0,0.53,0.0
1001,146,2,6,Public Charger,V2G,home,False,0.7305,IDLE,0.0,0.53,0.0
1001,147,3,6,Public Charger,V2G,home,False,0.7305,IDLE,0.0,0.53,0.0
1001,148,4,6,Public Charger,V2G,home,False,0.7305,IDLE,0.0,0.53,0.0
1001,149,5,6,Public Charger,V2G,home,False,0.7305,IDLE,0.0,0.53,0.0
1001,150,6,6,Public Charger,V2G,home,False,0.7305,IDLE,0.0,0.53,0.0
1001,151,7,6,Public Charger,V2G,home,False,0.7305,IDLE,0.0,0.85,0.0
1001,152,8,6,Public Charger,V2G,home,False,0.7305,IDLE,0.0,0.85,0.0
1001,153,9,6,Public Charger,V2G,home,False,0.7305,IDLE,0.0,0.85,0.0
1001,154,10,6,Public Charger,V2G,home,False,0.7305,IDLE,0.0,0.85,0.0
1001,155,11,6,Public Charger,V2G,driving,False,0.7022,DRIVING,0.0,0.85,0.0
1001,156,12,6,Public Charger,V2G,work,True,0.813,CHARGE,7.0,0.85,5.95
1001,157,13,6,Public Charger,V2G,work,True,0.813,IDLE,0.0,0.85,0.0
1001,158,14,6,Public Charger,V2G,work,True,0.813,IDLE,0.0,0.85,0.0
1001,159,15,6,Public Charger,V2G,work,True,0.813,IDLE,0.0,0.85,0.0
1001,160,16,6,Public Charger,V2G,driving,False,0.7848,DRIVING,0.0,0.85,0.0
1001,161,17,6,Public Charger,V2G,home,False,0.7848,IDLE,0.0,1.69,0.0
1001,162,18,6,Public Charger,V2G,home,False,0.7848,IDLE,0.0,1.69,0.0
1001,163,19,6,Public Charger,V2G,home,False,0.7848,IDLE,0.0,1.69,0.0
1001,164,20,6,Public Charger,V2G,home,False,0.7848,IDLE,0.0,1.69,0.0
1001,165,21,6,Public Charger,V2G,home,False,0.7848,IDLE,0.0,1.69,0.0
1001,166,22,6,Public Charger,V2G,home,False,0.7848,IDLE,0.0,1.69,0.0
1001,167,23,6,Public Charger,V2G,home,False,0.7848,IDLE,0.0,0.53,0.0
1002,0,0,0,Public Charger,V2G,home,False,0.8,IDLE,0.0,0.53,0.0
1002,1,1,0,Public Charger,V2G,home,False,0.8,IDLE,0.0,0.53,0.0
1002,2,2,0,Public Charger,V2G,home,False,0.8,IDLE,0.0,0.53,0.0
1002,3,3,0,Public Charger,V2G,home,False,0.8,IDLE,0.0,0.53,0.0
1002,4,4,0,Public Charger,V2G,home,False,0.8,IDLE,0.0,0.53,0.0
1002,5,5,0,Public Charger,V2G,home,False,0.8,IDLE,0.0,0.53,0.0
1002,6,6,0,Public Charger,V2G,home,False,0.8,IDLE,0.0,0.53,0.0
1002,7,7,0,Public Charger,V2G,driving,False,0.6683,DRIVING,0.0,0.85,0.0
1002,8,8,0,Public Charger,V2G,work,True,0.7791,CHARGE,7.0,0.85,5.95
1002,9,9,0,Public Charger,V2G,work,True,0.7791,IDLE,0.0,0.85,0.0
1002,10,10,0,Public Charger,V2G,work,True,0.7791,IDLE,0.0,0.85,0.0
1002,11,11,0,Public Charger,V2G,work,True,0.7791,IDLE,0.0,0.85,0.0
1002,12,12,0,Public Charger,V2G,work,True,0.7791,IDLE,0.0,0.85,0.0
1002,13,13,0,Public Charger,V2G,work,True,0.7791,IDLE,0.0,0.85,0.0
1002,14,14,0,Public Charger,V2G,work,True,0.7791,IDLE,0.0,0.85,0.0
1002,15,15,0,Public Charger,V2G,work,True,0.7791,IDLE,0.0,0.85,0.0
1002,16,16,0,Public Charger,V2G,work,True,0.7791,IDLE,0.0,0.85,0.0
1002,17,17,0,Public Charger,V2G,work,True,0.7791,IDLE,0.0,1.69,0.0
1002,18,18,0,Public Charger,V2G,driving,False,0.6474,DRIVING,0.0,1.69,0.0
1002,19,19,0,Public Charger,V2G,home,False,0.6474,IDLE,0.0,1.69,0.0
1002,20,20,0,Public Charger,V2G,home,False,0.6474,IDLE,0.0,1.69,0.0
1002,21,21,0,Public Charger,V2G,home,False,0.6474,IDLE,0.0,1.69,0.0
1002,22,22,0,Public Charger,V2G,home,False,0.6474,IDLE,0.0,1.69,0.0
1002,23,23,0,Public Charger,V2G,home,False,0.6474,IDLE,0.0,0.53,0.0
1002,24,0,1,Public Charger,V2G,home,False,0.6474,IDLE,0.0,0.53,0.0
1002,25,1,1,Public Charger,V2G,home,False,0.6474,IDLE,0.0,0.53,0.0
1002,26,2,1,Public Charger,V2G,home,False,0.6474,IDLE,0.0,0.53,0.0
1002,27,3,1,Public Charger,V2G,home,False,0.6474,IDLE,0.0,0.53,0.0
1002,28,4,1,Public Charger,V2G,home,False,0.6474,IDLE,0.0,0.53,0.0
1002,29,5,1,Public Charger,V2G,home,False,0.6474,IDLE,0.0,0.53,0.0
1002,30,6,1,Public Charger,V2G,home,False,0.6474,IDLE,0.0,0.53,0.0
1002,31,7,1,Public Charger,V2G,driving,False,0.5744,DRIVING,0.0,0.85,0.0
1002,32,8,1,Public Charger,V2G,work,True,0.6853,CHARGE,7.0,0.85,5.95
1002,33,9,1,Public Charger,V2G,work,True,0.7961,CHARGE,7.0,0.85,5.95
1002,34,10,1,Public Charger,V2G,work,True,0.7961,IDLE,0.0,0.85,0.0
1002,35,11,1,Public Charger,V2G,work,True,0.7961,IDLE,0.0,0.85,0.0
1002,36,12,1,Public Charger,V2G,work,True,0.7961,IDLE,0.0,0.85,0.0
1002,37,13,1,Public Charger,V2G,work,True,0.7961,IDLE,0.0,0.85,0.0
1002,38,14,1,Public Charger,V2G,work,True,0.7961,IDLE,0.0,0.85,0.0
1002,39,15,1,Public Charger,V2G,work,True,0.7961,IDLE,0.0,0.85,0.0
1002,40,16,1,Public Charger,V2G,work,True,0.7961,IDLE,0.0,0.85,0.0
1002,41,17,1,Public Charger,V2G,work,True,0.7961,IDLE,0.0,1.69,0.0
1002,42,18,1,Public Charger,V2G,driving,False,0.7231,DRIVING,0.0,1.69,0.0
1002,43,19,1,Public Charger,V2G,home,False,0.7231,IDLE,0.0,1.69,0.0
1002,44,20,1,Public Charger,V2G,home,False,0.7231,IDLE,0.0,1.69,0.0
1002,45,21,1,Public Charger,V2G,home,False,0.7231,IDLE,0.0,1.69,0.0
1002,46,22,1,Public Charger,V2G,home,False,0.7231,IDLE,0.0,1.69,0.0
1002,47,23,1,Public Charger,V2G,home,False,0.7231,IDLE,0.0,0.53,0.0
1002,48,0,2,Public Charger,V2G,home,False,0.7231,IDLE,0.0,0.53,0.0
1002,49,1,2,Public Charger,V2G,home,False,0.7231,IDLE,0.0,0.53,0.0
1002,50,2,2,Public Charger,V2G,home,False,0.7231,IDLE,0.0,0.53,0.0
1002,51,3,2,Public Charger,V2G,home,False,0.7231,IDLE,0.0,0.53,0.0
1002,52,4,2,Public Charger,V2G,home,False,0.7231,IDLE,0.0,0.53,0.0
1002,53,5,2,Public Charger,V2G,home,False,0.7231,IDLE,0.0,0.53,0.0
1002,54,6,2,Public Charger,V2G,home,False,0.7231,IDLE,0.0,0.53,0.0
1002,55,7,2,Public Charger,V2G,driving,False,0.6156,DRIVING,0.0,0.85,0.0
1002,56,8,2,Public Charger,V2G,work,True,0.7264,CHARGE,7.0,0.85,5.95
1002,57,9,2,Public Charger,V2G,work,True,0.8373,CHARGE,7.0,0.85,5.95
1002,58,10,2,Public Charger,V2G,work,True,0.8373,IDLE,0.0,0.85,0.0
1002,59,11,2,Public Charger,V2G,work,True,0.8373,IDLE,0.0,0.85,0.0
1002,60,12,2,Public Charger,V2G,work,True,0.8373,IDLE,0.0,0.85,0.0
1002,61,13,2,Public Charger,V2G,work,True,0.8373,IDLE,0.0,0.85,0.0
1002,62,14,2,Public Charger,V2G,work,True,0.8373,IDLE,0.0,0.85,0.0
1002,63,15,2,Public Charger,V2G,work,True,0.8373,IDLE,0.0,0.85,0.0
1002,64,16,2,Public Charger,V2G,work,True,0.8373,IDLE,0.0,0.85,0.0
1002,65,17,2,Public Charger,V2G,work,True,0.8373,IDLE,0.0,1.69,0.0
1002,66,18,2,Public Charger,V2G,driving,False,0.7297,DRIVING,0.0,1.69,0.0
1002,67,19,2,Public Charger,V2G,home,False,0.7297,IDLE,0.0,1.69,0.0
1002,68,20,2,Public Charger,V2G,home,False,0.7297,IDLE,0.0,1.69,0.0
1002,69,21,2,Public Charger,V2G,home,False,0.7297,IDLE,0.0,1.69,0.0
1002,70,22,2,Public Charger,V2G,home,False,0.7297,IDLE,0.0,1.69,0.0
1002,71,23,2,Public Charger,V2G,home,False,0.7297,IDLE,0.0,0.53,0.0
1002,72,0,3,Public Charger,V2G,home,False,0.7297,IDLE,0.0,0.53,0.0
1002,73,1,3,Public Charger,V2G,home,False,0.7297,IDLE,0.0,0.53,0.0
1002,74,2,3,Public Charger,V2G,home,False,0.7297,IDLE,0.0,0.53,0.0
1002,75,3,3,Public Charger,V2G,home,False,0.7297,IDLE,0.0,0.53,0.0
1002,76,4,3,Public Charger,V2G,home,False,0.7297,IDLE,0.0,0.53,0.0
1002,77,5,3,Public Charger,V2G,home,False,0.7297,IDLE,0.0,0.53,0.0
1002,78,6,3,Public Charger,V2G,home,False,0.7297,IDLE,0.0,0.53,0.0
1002,79,7,3,Public Charger,V2G,driving,False,0.6795,DRIVING,0.0,0.85,0.0
1002,80,8,3,Public Charger,V2G,work,True,0.7903,CHARGE,7.0,0.85,5.95
1002,81,9,3,Public Charger,V2G,work,True,0.7903,IDLE,0.0,0.85,0.0
1002,82,10,3,Public Charger,V2G,work,True,0.7903,IDLE,0.0,0.85,0.0
1002,83,11,3,Public Charger,V2G,work,True,0.7903,IDLE,0.0,0.85,0.0
1002,84,12,3,Public Charger,V2G,work,True,0.7903,IDLE,0.0,0.85,0.0
1002,85,13,3,Public Charger,V2G,work,True,0.7903,IDLE,0.0,0.85,0.0
1002,86,14,3,Public Charger,V2G,work,True,0.7903,IDLE,0.0,0.85,0.0
1002,87,15,3,Public Charger,V2G,work,True,0.7903,IDLE,0.0,0.85,0.0
1002,88,16,3,Public Charger,V2G,work,True,0.7903,IDLE,0.0,0.85,0.0
1002,89,17,3,Public Charger,V2G,work,True,0.7903,IDLE,0.0,1.69,0.0
1002,90,18,3,Public Charger,V2G,driving,False,0.7401,DRIVING,0.0,1.69,0.0
1002,91,19,3,Public Charger,V2G,home,False,0.7401,IDLE,0.0,1.69,0.0
1002,92,20,3,Public Charger,V2G,home,False,0.7401,IDLE,0.0,1.69,0.0
1002,93,21,3,Public Charger,V2G,home,False,0.7401,IDLE,0.0,1.69,0.0
1002,94,22,3,Public Charger,V2G,home,False,0.7401,IDLE,0.0,1.69,0.0
1002,95,23,3,Public Charger,V2G,home,False,0.7401,IDLE,0.0,0.53,0.0
1002,96,0,4,Public Charger,V2G,home,False,0.7401,IDLE,0.0,0.53,0.0
1002,97,1,4,Public Charger,V2G,home,False,0.7401,IDLE,0.0,0.53,0.0
1002,98,2,4,Public Charger,V2G,home,False,0.7401,IDLE,0.0,0.53,0.0
1002,99,3,4,Public Charger,V2G,home,False,0.7401,IDLE,0.0,0.53,0.0
1002,100,4,4,Public Charger,V2G,home,False,0.7401,IDLE,0.0,0.53,0.0
1002,101,5,4,Public Charger,V2G,home,False,0.7401,IDLE,0.0,0.53,0.0
1002,102,6,4,Public Charger,V2G,home,False,0.7401,IDLE,0.0,0.53,0.0
1002,103,7,4,Public Charger,V2G,driving,False,0.7162,DRIVING,0.0,0.85,0.0
1002,104,8,4,Public Charger,V2G,work,True,0.8271,CHARGE,7.0,0.85,5.95
1002,105,9,4,Public Charger,V2G,work,True,0.8271,IDLE,0.0,0.85,0.0
1002,106,10,4,Public Charger,V2G,work,True,0.8271,IDLE,0.0,0.85,0.0
1002,107,11,4,Public Charger,V2G,work,True,0.8271,IDLE,0.0,0.85,0.0
1002,108,12,4,Public Charger,V2G,work,True,0.8271,IDLE,0.0,0.85,0.0
1002,109,13,4,Public Charger,V2G,work,True,0.8271,IDLE,0.0,0.85,0.0
1002,110,14,4,Public Charger,V2G,work,True,0.8271,IDLE,0.0,0.85,0.0
1002,111,15,4,Public Charger,V2G,work,True,0.8271,IDLE,0.0,0.85,0.0
1002,112,16,4,Public Charger,V2G,work,True,0.8271,IDLE,0.0,0.85,0.0
1002,113,17,4,Public Charger,V2G,work,True,0.8271,IDLE,0.0,1.69,0.0
1002,114,18,4,Public Charger,V2G,driving,False,0.8032,DRIVING,0.0,1.69,0.0
1002,115,19,4,Public Charger,V2G,home,False,0.8032,IDLE,0.0,1.69,0.0
1002,116,20,4,Public Charger,V2G,home,False,0.8032,IDLE,0.0,1.69,0.0
1002,117,21,4,Public Charger,V2G,home,False,0.8032,IDLE,0.0,1.69,0.0
1002,118,22,4,Public Charger,V2G,home,False,0.8032,IDLE,0.0,1.69,0.0
1002,119,23,4,Public Charger,V2G,home,False,0.8032,IDLE,0.0,0.53,0.0
1002,120,0,5,Public Charger,V2G,home,False,0.8032,IDLE,0.0,0.53,0.0
1002,121,1,5,Public Charger,V2G,home,False,0.8032,IDLE,0.0,0.53,0.0
1002,122,2,5,Public Charger,V2G,home,False,0.8032,IDLE,0.0,0.53,0.0
1002,123,3,5,Public Charger,V2G,home,False,0.8032,IDLE,0.0,0.53,0.0
1002,124,4,5,Public Charger,V2G,home,False,0.8032,IDLE,0.0,0.53,0.0
1002,125,5,5,Public Charger,V2G,home,False,0.8032,IDLE,0.0,0.53,0.0
1002,126,6,5,Public Charger,V2G,home,False,0.8032,IDLE,0.0,0.53,0.0
1002,127,7,5,Public Charger,V2G,home,False,0.8032,IDLE,0.0,0.85,0.0
1002,128,8,5,Public Charger,V2G,home,False,0.8032,IDLE,0.0,0.85,0.0
1002,129,9,5,Public Charger,V2G,home,False,0.8032,IDLE,0.0,0.85,0.0
1002,130,10,5,Public Charger,V2G,home,False,0.8032,IDLE,0.0,0.85,0.0
1002,131,11,5,Public Charger,V2G,driving,False,0.719,DRIVING,0.0,0.85,0.0
1002,132,12,5,Public Charger,V2G,work,True,0.8298,CHARGE,7.0,0.85,5.95
1002,133,13,5,Public Charger,V2G,work,True,0.8298,IDLE,0.0,0.85,0.0
1002,134,14,5,Public Charger,V2G,work,True,0.8298,IDLE,0.0,0.85,0.0
1002,135,15,5,Public Charger,V2G,work,True,0.8298,IDLE,0.0,0.85,0.0
1002,136,16,5,Public Charger,V2G,driving,False,0.7456,DRIVING,0.0,0.85,0.0
1002,137,17,5,Public Charger,V2G,home,False,0.7456,IDLE,0.0,1.69,0.0
1002,138,18,5,Public Charger,V2G,home,False,0.7456,IDLE,0.0,1.69,0.0
1002,139,19,5,Public Charger,V2G,home,False,0.7456,IDLE,0.0,1.69,0.0
1002,140,20,5,Public Charger,V2G,home,False,0.7456,IDLE,0.0,1.69,0.0
1002,141,21,5,Public Charger,V2G,home,False,0.7456,IDLE,0.0,1.69,0.0
1002,142,22,5,Public Charger,V2G,home,False,0.7456,IDLE,0.0,1.69,0.0
1002,143,23,5,Public Charger,V2G,home,False,0.7456,IDLE,0.0,0.53,0.0
1002,144,0,6,Public Charger,V2G,home,False,0.7456,IDLE,0.0,0.53,0.0
1002,145,1,6,Public Charger,V2G,home,False,0.7456,IDLE,0.0,0.53,0.0
1002,146,2,6,Public Charger,V2G,home,False,0.7456,IDLE,0.0,0.53,0.0
1002,147,3,6,Public Charger,V2G,home,False,0.7456,IDLE,0.0,0.53,0.0
1002,148,4,6,Public Charger,V2G,home,False,0.7456,IDLE,0.0,0.53,0.0
1002,149,5,6,Public Charger,V2G,home,False,0.7456,IDLE,0.0,0.53,0.0
1002,150,6,6,Public Charger,V2G,home,False,0.7456,IDLE,0.0,0.53,0.0
1002,151,7,6,Public Charger,V2G,home,False,0.7456,IDLE,0.0,0.85,0.0
1002,152,8,6,Public Charger,V2G,home,False,0.7456,IDLE,0.0,0.85,0.0
1002,153,9,6,Public Charger,V2G,home,False,0.7456,IDLE,0.0,0.85,0.0
1002,154,10,6,Public Charger,V2G,home,False,0.7456,IDLE,0.0,0.85,0.0
1002,155,11,6,Public Charger,V2G,driving,False,0.7197,DRIVING,0.0,0.85,0.0
1002,156,12,6,Public Charger,V2G,work,True,0.8305,CHARGE,7.0,0.85,5.95
1002,157,13,6,Public Charger,V2G,work,True,0.8305,IDLE,0.0,0.85,0.0
1002,158,14,6,Public Charger,V2G,work,True,0.8305,IDLE,0.0,0.85,0.0
1002,159,15,6,Public Charger,V2G,work,True,0.8305,IDLE,0.0,0.85,0.0
1002,160,16,6,Public Charger,V2G,driving,False,0.8046,DRIVING,0.0,0.85,0.0
1002,161,17,6,Public Charger,V2G,home,False,0.8046,IDLE,0.0,1.69,0.0
1002,162,18,6,Public Charger,V2G,home,False,0.8046,IDLE,0.0,1.69,0.0
1002,163,19,6,Public Charger,V2G,home,False,0.8046,IDLE,0.0,1.69,0.0
1002,164,20,6,Public Charger,V2G,home,False,0.8046,IDLE,0.0,1.69,0.0
1002,165,21,6,Public Charger,V2G,home,False,0.8046,IDLE,0.0,1.69,0.0
1002,166,22,6,Public Charger,V2G,home,False,0.8046,IDLE,0.0,1.69,0.0
1002,167,23,6,Public Charger,V2G,home,False,0.8046,IDLE,0.0,0.53,0.0
1003,0,0,0,Public Charger,V2G,home,False,0.8,IDLE,0.0,0.53,0.0
1003,1,1,0,Public Charger,V2G,home,False,0.8,IDLE,0.0,0.53,0.0
1003,2,2,0,Public Charger,V2G,home,False,0.8,IDLE,0.0,0.53,0.0
1003,3,3,0,Public Charger,V2G,home,False,0.8,IDLE,0.0,0.53,0.0
1003,4,4,0,Public Charger,V2G,home,False,0.8,IDLE,0.0,0.53,0.0
1003,5,5,0,Public Charger,V2G,home,False,0.8,IDLE,0.0,0.53,0.0
1003,6,6,0,Public Charger,V2G,home,False,0.8,IDLE,0.0,0.53,0.0
1003,7,7,0,Public Charger,V2G,driving,False,0.7236,DRIVING,0.0,0.85,0.0
1003,8,8,0,Public Charger,V2G,work,True,0.8344,CHARGE,7.0,0.85,5.95
1003,9,9,0,Public Charger,V2G,work,True,0.8344,IDLE,0.0,0.85,0.0
1003,10,10,0,Public Charger,V2G,work,True,0.8344,IDLE,0.0,0.85,0.0
1003,11,11,0,Public Charger,V2G,work,True,0.8344,IDLE,0.0,0.85,0.0
1003,12,12,0,Public Charger,V2G,work,True,0.8344,IDLE,0.0,0.85,0.0
1003,13,13,0,Public Charger,V2G,work,True,0.8344,IDLE,0.0,0.85,0.0
1003,14,14,0,Public Charger,V2G,work,True,0.8344,IDLE,0.0,0.85,0.0
1003,15,15,0,Public Charger,V2G,work,True,0.8344,IDLE,0.0,0.85,0.0
1003,16,16,0,Public Charger,V2G,work,True,0.8344,IDLE,0.0,0.85,0.0
1003,17,17,0,Public Charger,V2G,work,True,0.8344,IDLE,0.0,1.69,0.0
1003,18,18,0,Public Charger,V2G,work,True,0.8344,IDLE,0.0,1.69,0.0
1003,19,19,0,Public Charger,V2G,driving,False,0.758,DRIVING,0.0,1.69,0.0
1003,20,20,0,Public Charger,V2G,home,False,0.758,IDLE,0.0,1.69,0.0
1003,21,21,0,Public Charger,V2G,home,False,0.758,IDLE,0.0,1.69,0.0
1003,22,22,0,Public Charger,V2G,home,False,0.758,IDLE,0.0,1.69,0.0
1003,23,23,0,Public Charger,V2G,home,False,0.758,IDLE,0.0,0.53,0.0
1003,24,0,1,Public Charger,V2G,home,False,0.758,IDLE,0.0,0.53,0.0
1003,25,1,1,Public Charger,V2G,home,False,0.758,IDLE,0.0,0.53,0.0
1003,26,2,1,Public Charger,V2G,home,False,0.758,IDLE,0.0,0.53,0.0
1003,27,3,1,Public Charger,V2G,home,False,0.758,IDLE,0.0,0.53,0.0
1003,28,4,1,Public Charger,V2G,home,False,0.758,IDLE,0.0,0.53,0.0
1003,29,5,1,Public Charger,V2G,home,False,0.758,IDLE,0.0,0.53,0.0
1003,30,6,1,Public Charger,V2G,home,False,0.758,IDLE,0.0,0.53,0.0
1003,31,7,1,Public Charger,V2G,driving,False,0.6993,DRIVING,0.0,0.85,0.0
1003,32,8,1,Public Charger,V2G,work,True,0.8102,CHARGE,7.0,0.85,5.95
1003,33,9,1,Public Charger,V2G,work,True,0.8102,IDLE,0.0,0.85,0.0
1003,34,10,1,Public Charger,V2G,work,True,0.8102,IDLE,0.0,0.85,0.0
1003,35,11,1,Public Charger,V2G,work,True,0.8102,IDLE,0.0,0.85,0.0
1003,36,12,1,Public Charger,V2G,work,True,0.8102,IDLE,0.0,0.85,0.0
1003,37,13,1,Public Charger,V2G,work,True,0.8102,IDLE,0.0,0.85,0.0
1003,38,14,1,Public Charger,V2G,work,True,0.8102,IDLE,0.0,0.85,0.0
1003,39,15,1,Public Charger,V2G,work,True,0.8102,IDLE,0.0,0.85,0.0
1003,40,16,1,Public Charger,V2G,work,True,0.8102,IDLE,0.0,0.85,0.0
1003,41,17,1,Public Charger,V2G,work,True,0.8102,IDLE,0.0,1.69,0.0
1003,42,18,1,Public Charger,V2G,work,True,0.8102,IDLE,0.0,1.69,0.0
1003,43,19,1,Public Charger,V2G,driving,False,0.7515,DRIVING,0.0,1.69,0.0
1003,44,20,1,Public Charger,V2G,home,False,0.7515,IDLE,0.0,1.69,0.0
1003,45,21,1,Public Charger,V2G,home,False,0.7515,IDLE,0.0,1.69,0.0
1003,46,22,1,Public Charger,V2G,home,False,0.7515,IDLE,0.0,1.69,0.0
1003,47,23,1,Public Charger,V2G,home,False,0.7515,IDLE,0.0,0.53,0.0
1003,48,0,2,Public Charger,V2G,home,False,0.7515,IDLE,0.0,0.53,0.0
1003,49,1,2,Public Charger,V2G,home,False,0.7515,IDLE,0.0,0.53,0.0
1003,50,2,2,Public Charger,V2G,home,False,0.7515,IDLE,0.0,0.53,0.0
1003,51,3,2,Public Charger,V2G,home,False,0.7515,IDLE,0.0,0.53,0.0
1003,52,4,2,Public Charger,V2G,home,False,0.7515,IDLE,0.0,0.53,0.0
1003,53,5,2,Public Charger,V2G,home,False,0.7515,IDLE,0.0,0.53,0.0
1003,54,6,2,Public Charger,V2G,home,False,0.7515,IDLE,0.0,0.53,0.0
1003,55,7,2,Public Charger,V2G,driving,False,0.6977,DRIVING,0.0,0.85,0.0
1003,56,8,2,Public Charger,V2G,work,True,0.8085,CHARGE,7.0,0.85,5.95
1003,57,9,2,Public Charger,V2G,work,True,0.8085,IDLE,0.0,0.85,0.0
1003,58,10,2,Public Charger,V2G,work,True,0.8085,IDLE,0.0,0.85,0.0
1003,59,11,2,Public Charger,V2G,work,True,0.8085,IDLE,0.0,0.85,0.0
1003,60,12,2,Public Charger,V2G,work,True,0.8085,IDLE,0.0,0.85,0.0
1003,61,13,2,Public Charger,V2G,work,True,0.8085,IDLE,0.0,0.85,0.0
1003,62,14,2,Public Charger,V2G,work,True,0.8085,IDLE,0.0,0.85,0.0
1003,63,15,2,Public Charger,V2G,work,True,0.8085,IDLE,0.0,0.85,0.0
1003,64,16,2,Public Charger,V2G,work,True,0.8085,IDLE,0.0,0.85,0.0
1003,65,17,2,Public Charger,V2G,work,True,0.8085,IDLE,0.0,1.69,0.0
1003,66,18,2,Public Charger,V2G,work,True,0.8085,IDLE,0.0,1.69,0.0
1003,67,19,2,Public Charger,V2G,driving,False,0.7547,DRIVING,0.0,1.69,0.0
1003,68,20,2,Public Charger,V2G,home,False,0.7547,IDLE,0.0,1.69,0.0
1003,69,21,2,Public Charger,V2G,home,False,0.7547,IDLE,0.0,1.69,0.0
1003,70,22,2,Public Charger,V2G,home,False,0.7547,IDLE,0.0,1.69,0.0
1003,71,23,2,Public Charger,V2G,home,False,0.7547,IDLE,0.0,0.53,0.0
1003,72,0,3,Public Charger,V2G,home,False,0.7547,IDLE,0.0,0.53,0.0
1003,73,1,3,Public Charger,V2G,home,False,0.7547,IDLE,0.0,0.53,0.0
1003,74,2,3,Public Charger,V2G,home,False,0.7547,IDLE,0.0,0.53,0.0
1003,75,3,3,Public Charger,V2G,home,False,0.7547,IDLE,0.0,0.53,0.0
1003,76,4,3,Public Charger,V2G,home,False,0.7547,IDLE,0.0,0.53,0.0
1003,77,5,3,Public Charger,V2G,home,False,0.7547,IDLE,0.0,0.53,0.0
1003,78,6,3,Public Charger,V2G,home,False,0.7547,IDLE,0.0,0.53,0.0
1003,79,7,3,Public Charger,V2G,driving,False,0.7164,DRIVING,0.0,0.85,0.0
1003,80,8,3,Public Charger,V2G,work,True,0.8273,CHARGE,7.0,0.85,5.95
1003,81,9,3,Public Charger,V2G,work,True,0.8273,IDLE,0.0,0.85,0.0
1003,82,10,3,Public Charger,V2G,work,True,0.8273,IDLE,0.0,0.85,0.0
1003,83,11,3,Public Charger,V2G,work,True,0.8273,IDLE,0.0,0.85,0.0
1003,84,12,3,Public Charger,V2G,work,True,0.8273,IDLE,0.0,0.85,0.0
1003,85,13,3,Public Charger,V2G,work,True,0.8273,IDLE,0.0,0.85,0.0
1003,86,14,3,Public Charger,V2G,work,True,0.8273,IDLE,0.0,0.85,0.0
1003,87,15,3,Public Charger,V2G,work,True,0.8273,IDLE,0.0,0.85,0.0
1003,88,16,3,Public Charger,V2G,work,True,0.8273,IDLE,0.0,0.85,0.0
1003,89,17,3,Public Charger,V2G,work,True,0.8273,IDLE,0.0,1.69,0.0
1003,90,18,3,Public Charger,V2G,work,True,0.8273,IDLE,0.0,1.69,0.0
1003,91,19,3,Public Charger,V2G,driving,False,0.789,DRIVING,0.0,1.69,0.0
1003,92,20,3,Public Charger,V2G,home,False,0.789,IDLE,0.0,1.69,0.0
1003,93,21,3,Public Charger,V2G,home,False,0.789,IDLE,0.0,1.69,0.0
1003,94,22,3,Public Charger,V2G,home,False,0.789,IDLE,0.0,1.69,0.0
1003,95,23,3,Public Charger,V2G,home,False,0.789,IDLE,0.0,0.53,0.0
1003,96,0,4,Public Charger,V2G,home,False,0.789,IDLE,0.0,0.53,0.0
1003,97,1,4,Public Charger,V2G,home,False,0.789,IDLE,0.0,0.53,0.0
1003,98,2,4,Public Charger,V2G,home,False,0.789,IDLE,0.0,0.53,0.0
1003,99,3,4,Public Charger,V2G,home,False,0.789,IDLE,0.0,0.53,0.0
1003,100,4,4,Public Charger,V2G,home,False,0.789,IDLE,0.0,0.53,0.0
1003,101,5,4,Public Charger,V2G,home,False,0.789,IDLE,0.0,0.53,0.0
1003,102,6,4,Public Charger,V2G,home,False,0.789,IDLE,0.0,0.53,0.0
1003,103,7,4,Public Charger,V2G,driving,False,0.6903,DRIVING,0.0,0.85,0.0
1003,104,8,4,Public Charger,V2G,work,True,0.8012,CHARGE,7.0,0.85,5.95
1003,105,9,4,Public Charger,V2G,work,True,0.8012,IDLE,0.0,0.85,0.0
1003,106,10,4,Public Charger,V2G,work,True,0.8012,IDLE,0.0,0.85,0.0
1003,107,11,4,Public Charger,V2G,work,True,0.8012,IDLE,0.0,0.85,0.0
1003,108,12,4,Public Charger,V2G,work,True,0.8012,IDLE,0.0,0.85,0.0
1003,109,13,4,Public Charger,V2G,work,True,0.8012,IDLE,0.0,0.85,0.0
1003,110,14,4,Public Charger,V2G,work,True,0.8012,IDLE,0.0,0.85,0.0
1003,111,15,4,Public Charger,V2G,work,True,0.8012,IDLE,0.0,0.85,0.0
1003,112,16,4,Public Charger,V2G,work,True,0.8012,IDLE,0.0,0.85,0.0
1003,113,17,4,Public Charger,V2G,work,True,0.8012,IDLE,0.0,1.69,0.0
1003,114,18,4,Public Charger,V2G,work,True,0.8012,IDLE,0.0,1.69,0.0
1003,115,19,4,Public Charger,V2G,driving,False,0.7024,DRIVING,0.0,1.69,0.0
1003,116,20,4,Public Charger,V2G,home,False,0.7024,IDLE,0.0,1.69,0.0
1003,117,21,4,Public Charger,V2G,home,False,0.7024,IDLE,0.0,1.69,0.0
1003,118,22,4,Public Charger,V2G,home,False,0.7024,IDLE,0.0,1.69,0.0
1003,119,23,4,Public Charger,V2G,home,False,0.7024,IDLE,0.0,0.53,0.0
1003,120,0,5,Public Charger,V2G,home,False,0.7024,IDLE,0.0,0.53,0.0
1003,121,1,5,Public Charger,V2G,home,False,0.7024,IDLE,0.0,0.53,0.0
1003,122,2,5,Public Charger,V2G,home,False,0.7024,IDLE,0.0,0.53,0.0
1003,123,3,5,Public Charger,V2G,home,False,0.7024,IDLE,0.0,0.53,0.0
1003,124,4,5,Public Charger,V2G,home,False,0.7024,IDLE,0.0,0.53,0.0
1003,125,5,5,Public Charger,V2G,home,False,0.7024,IDLE,0.0,0.53,0.0
1003,126,6,5,Public Charger,V2G,home,False,0.7024,IDLE,0.0,0.53,0.0
1003,127,7,5,Public Charger,V2G,home,False,0.7024,IDLE,0.0,0.85,0.0
1003,128,8,5,Public Charger,V2G,home,False,0.7024,IDLE,0.0,0.85,0.0
1003,129,9,5,Public Charger,V2G,home,False,0.7024,IDLE,0.0,0.85,0.0
1003,130,10,5,Public Charger,V2G,home,False,0.7024,IDLE,0.0,0.85,0.0
1003,131,11,5,Public Charger,V2G,driving,False,0.5998,DRIVING,0.0,0.85,0.0
1003,132,12,5,Public Charger,V2G,work,True,0.7106,CHARGE,7.0,0.85,5.95
1003,133,13,5,Public Charger,V2G,work,True,0.8214,CHARGE,7.0,0.85,5.95
1003,134,14,5,Public Charger,V2G,work,True,0.8214,IDLE,0.0,0.85,0.0
1003,135,15,5,Public Charger,V2G,work,True,0.8214,IDLE,0.0,0.85,0.0
1003,136,16,5,Public Charger,V2G,driving,False,0.7188,DRIVING,0.0,0.85,0.0
1003,137,17,5,Public Charger,V2G,home,False,0.7188,IDLE,0.0,1.69,0.0
1003,138,18,5,Public Charger,V2G,home,False,0.7188,IDLE,0.0,1.69,0.0
1003,139,19,5,Public Charger,V2G,home,False,0.7188,IDLE,0.0,1.69,0.0
1003,140,20,5,Public Charger,V2G,home,False,0.7188,IDLE,0.0,1.69,0.0
1003,141,21,5,Public Charger,V2G,home,False,0.7188,IDLE,0.0,1.69,0.0
1003,142,22,5,Public Charger,V2G,home,False,0.7188,IDLE,0.0,1.69,0.0
1003,143,23,5,Public Charger,V2G,home,False,0.7188,IDLE,0.0,0.53,0.0
1003,144,0,6,Public Charger,V2G,home,False,0.7188,IDLE,0.0,0.53,0.0
1003,145,1,6,Public Charger,V2G,home,False,0.7188,IDLE,0.0,0.53,0.0
1003,146,2,6,Public Charger,V2G,home,False,0.7188,IDLE,0.0,0.53,0.0
1003,147,3,6,Public Charger,V2G,home,False,0.7188,IDLE,0.0,0.53,0.0
1003,148,4,6,Public Charger,V2G,home,False,0.7188,IDLE,0.0,0.53,0.0
1003,149,5,6,Public Charger,V2G,home,False,0.7188,IDLE,0.0,0.53,0.0
1003,150,6,6,Public Charger,V2G,home,False,0.7188,IDLE,0.0,0.53,0.0
1003,151,7,6,Public Charger,V2G,home,False,0.7188,IDLE,0.0,0.85,0.0
1003,152,8,6,Public Charger,V2G,home,False,0.7188,IDLE,0.0,0.85,0.0
1003,153,9,6,Public Charger,V2G,home,False,0.7188,IDLE,0.0,0.85,0.0
1003,154,10,6,Public Charger,V2G,home,False,0.7188,IDLE,0.0,0.85,0.0
1003,155,11,6,Public Charger,V2G,driving,False,0.7007,DRIVING,0.0,0.85,0.0
1003,156,12,6,Public Charger,V2G,work,True,0.8115,CHARGE,7.0,0.85,5.95
1003,157,13,6,Public Charger,V2G,work,True,0.8115,IDLE,0.0,0.85,0.0
1003,158,14,6,Public Charger,V2G,work,True,0.8115,IDLE,0.0,0.85,0.0
1003,159,15,6,Public Charger,V2G,work,True,0.8115,IDLE,0.0,0.85,0.0
1003,160,16,6,Public Charger,V2G,driving,False,0.7935,DRIVING,0.0,0.85,0.0
1003,161,17,6,Public Charger,V2G,home,False,0.7935,IDLE,0.0,1.69,0.0
1003,162,18,6,Public Charger,V2G,home,False,0.7935,IDLE,0.0,1.69,0.0
1003,163,19,6,Public Charger,V2G,home,False,0.7935,IDLE,0.0,1.69,0.0
1003,164,20,6,Public Charger,V2G,home,False,0.7935,IDLE,0.0,1.69,0.0
1003,165,21,6,Public Charger,V2G,home,False,0.7935,IDLE,0.0,1.69,0.0
1003,166,22,6,Public Charger,V2G,home,False,0.7935,IDLE,0.0,1.69,0.0
1003,167,23,6,Public Charger,V2G,home,False,0.7935,IDLE,0.0,0.53,0.0
1004,0,0,0,Public Charger,V2G,home,False,0.8,IDLE,0.0,0.53,0.0
1004,1,1,0,Public Charger,V2G,home,False,0.8,IDLE,0.0,0.53,0.0
1004,2,2,0,Public Charger,V2G,home,False,0.8,IDLE,0.0,0.53,0.0
1004,3,3,0,Public Charger,V2G,home,False,0.8,IDLE,0.0,0.53,0.0
1004,4,4,0,Public Charger,V2G,home,False,0.8,IDLE,0.0,0.53,0.0
1004,5,5,0,Public Charger,V2G,home,False,0.8,IDLE,0.0,0.53,0.0
1004,6,6,0,Public Charger,V2G,home,False,0.8,IDLE,0.0,0.53,0.0
1004,7,7,0,Public Charger,V2G,driving,False,0.7805,DRIVING,0.0,0.85,0.0
1004,8,8,0,Public Charger,V2G,work,True,0.7805,IDLE,0.0,0.85,0.0
1004,9,9,0,Public Charger,V2G,work,True,0.7805,IDLE,0.0,0.85,0.0
1004,10,10,0,Public Charger,V2G,work,True,0.7805,IDLE,0.0,0.85,0.0
1004,11,11,0,Public Charger,V2G,work,True,0.7805,IDLE,0.0,0.85,0.0
1004,12,12,0,Public Charger,V2G,work,True,0.7805,IDLE,0.0,0.85,0.0
1004,13,13,0,Public Charger,V2G,work,True,0.7805,IDLE,0.0,0.85,0.0
1004,14,14,0,Public Charger,V2G,work,True,0.7805,IDLE,0.0,0.85,0.0
1004,15,15,0,Public Charger,V2G,work,True,0.7805,IDLE,0.0,0.85,0.0
1004,16,16,0,Public Charger,V2G,work,True,0.7805,IDLE,0.0,0.85,0.0
1004,17,17,0,Public Charger,V2G,work,True,0.7805,IDLE,0.0,1.69,0.0
1004,18,18,0,Public Charger,V2G,driving,False,0.761,DRIVING,0.0,1.69,0.0
1004,19,19,0,Public Charger,V2G,home,False,0.761,IDLE,0.0,1.69,0.0
1004,20,20,0,Public Charger,V2G,home,False,0.761,IDLE,0.0,1.69,0.0
1004,21,21,0,Public Charger,V2G,home,False,0.761,IDLE,0.0,1.69,0.0
1004,22,22,0,Public Charger,V2G,home,False,0.761,IDLE,0.0,1.69,0.0
1004,23,23,0,Public Charger,V2G,home,False,0.761,IDLE,0.0,0.53,0.0
1004,24,0,1,Public Charger,V2G,home,False,0.761,IDLE,0.0,0.53,0.0
1004,25,1,1,Public Charger,V2G,home,False,0.761,IDLE,0.0,0.53,0.0
1004,26,2,1,Public Charger,V2G,home,False,0.761,IDLE,0.0,0.53,0.0
1004,27,3,1,Public Charger,V2G,home,False,0.761,IDLE,0.0,0.53,0.0
1004,28,4,1,Public Charger,V2G,home,False,0.761,IDLE,0.0,0.53,0.0
1004,29,5,1,Public Charger,V2G,home,False,0.761,IDLE,0.0,0.53,0.0
1004,30,6,1,Public Charger,V2G,home,False,0.761,IDLE,0.0,0.53,0.0
1004,31,7,1,Public Charger,V2G,driving,False,0.7009,DRIVING,0.0,0.85,0.0
1004,32,8,1,Public Charger,V2G,work,True,0.8118,CHARGE,7.0,0.85,5.95
1004,33,9,1,Public Charger,V2G,work,True,0.8118,IDLE,0.0,0.85,0.0
1004,34,10,1,Public Charger,V2G,work,True,0.8118,IDLE,0.0,0.85,0.0
1004,35,11,1,Public Charger,V2G,work,True,0.8118,IDLE,0.0,0.85,0.0
1004,36,12,1,Public Charger,V2G,work,True,0.8118,IDLE,0.0,0.85,0.0
1004,37,13,1,Public Charger,V2G,work,True,0.8118,IDLE,0.0,0.85,0.0
1004,38,14,1,Public Charger,V2G,work,True,0.8118,IDLE,0.0,0.85,0.0
1004,39,15,1,Public Charger,V2G,work,True,0.8118,IDLE,0.0,0.85,0.0
1004,40,16,1,Public Charger,V2G,work,True,0.8118,IDLE,0.0,0.85,0.0
1004,41,17,1,Public Charger,V2G,work,True,0.8118,IDLE,0.0,1.69,0.0
1004,42,18,1,Public Charger,V2G,driving,False,0.7517,DRIVING,0.0,1.69,0.0
1004,43,19,1,Public Charger,V2G,home,False,0.7517,IDLE,0.0,1.69,0.0
1004,44,20,1,Public Charger,V2G,home,False,0.7517,IDLE,0.0,1.69,0.0
1004,45,21,1,Public Charger,V2G,home,False,0.7517,IDLE,0.0,1.69,0.0
1004,46,22,1,Public Charger,V2G,home,False,0.7517,IDLE,0.0,1.69,0.0
1004,47,23,1,Public Charger,V2G,home,False,0.7517,IDLE,0.0,0.53,0.0
1004,48,0,2,Public Charger,V2G,home,False,0.7517,IDLE,0.0,0.53,0.0
1004,49,1,2,Public Charger,V2G,home,False,0.7517,IDLE,0.0,0.53,0.0
1004,50,2,2,Public Charger,V2G,home,False,0.7517,IDLE,0.0,0.53,0.0
1004,51,3,2,Public Charger,V2G,home,False,0.7517,IDLE,0.0,0.53,0.0
1004,52,4,2,Public Charger,V2G,home,False,0.7517,IDLE,0.0,0.53,0.0
1004,53,5,2,Public Charger,V2G,home,False,0.7517,IDLE,0.0,0.53,0.0
1004,54,6,2,Public Charger,V2G,home,False,0.7517,IDLE,0.0,0.53,0.0
1004,55,7,2,Public Charger,V2G,driving,False,0.7042,DRIVING,0.0,0.85,0.0
1004,56,8,2,Public Charger,V2G,work,True,0.815,CHARGE,7.0,0.85,5.95
1004,57,9,2,Public Charger,V2G,work,True,0.815,IDLE,0.0,0.85,0.0
1004,58,10,2,Public Charger,V2G,work,True,0.815,IDLE,0.0,0.85,0.0
1004,59,11,2,Public Charger,V2G,work,True,0.815,IDLE,0.0,0.85,0.0
1004,60,12,2,Public Charger,V2G,work,True,0.815,IDLE,0.0,0.85,0.0
1004,61,13,2,Public Charger,V2G,work,True,0.815,IDLE,0.0,0.85,0.0
1004,62,14,2,Public Charger,V2G,work,True,0.815,IDLE,0.0,0.85,0.0
1004,63,15,2,Public Charger,V2G,work,True,0.815,IDLE,0.0,0.85,0.0
1004,64,16,2,Public Charger,V2G,work,True,0.815,IDLE,0.0,0.85,0.0
1004,65,17,2,Public Charger,V2G,work,True,0.815,IDLE,0.0,1.69,0.0
1004,66,18,2,Public Charger,V2G,driving,False,0.7675,DRIVING,0.0,1.69,0.0
1004,67,19,2,Public Charger,V2G,home,False,0.7675,IDLE,0.0,1.69,0.0
1004,68,20,2,Public Charger,V2G,home,False,0.7675,IDLE,0.0,1.69,0.0
1004,69,21,2,Public Charger,V2G,home,False,0.7675,IDLE,0.0,1.69,0.0
1004,70,22,2,Public Charger,V2G,home,False,0.7675,IDLE,0.0,1.69,0.0
1004,71,23,2,Public Charger,V2G,home,False,0.7675,IDLE,0.0,0.53,0.0
1004,72,0,3,Public Charger,V2G,home,False,0.7675,IDLE,0.0,0.53,0.0
1004,73,1,3,Public Charger,V2G,home,False,0.7675,IDLE,0.0,0.53,0.0
1004,74,2,3,Public Charger,V2G,home,False,0.7675,IDLE,0.0,0.53,0.0
1004,75,3,3,Public Charger,V2G,home,False,0.7675,IDLE,0.0,0.53,0.0
1004,76,4,3,Public Charger,V2G,home,False,0.7675,IDLE,0.0,0.53,0.0
1004,77,5,3,Public Charger,V2G,home,False,0.7675,IDLE,0.0,0.53,0.0
1004,78,6,3,Public Charger,V2G,home,False,0.7675,IDLE,0.0,0.53,0.0
1004,79,7,3,Public Charger,V2G,driving,False,0.6893,DRIVING,0.0,0.85,0.0
1004,80,8,3,Public Charger,V2G,work,True,0.8002,CHARGE,7.0,0.85,5.95
1004,81,9,3,Public Charger,V2G,work,True,0.8002,IDLE,0.0,0.85,0.0
1004,82,10,3,Public Charger,V2G,work,True,0.8002,IDLE,0.0,0.85,0.0
1004,83,11,3,Public Charger,V2G,work,True,0.8002,IDLE,0.0,0.85,0.0
1004,84,12,3,Public Charger,V2G,work,True,0.8002,IDLE,0.0,0.85,0.0
1004,85,13,3,Public Charger,V2G,work,True,0.8002,IDLE,0.0,0.85,0.0
1004,86,14,3,Public Charger,V2G,work,True,0.8002,IDLE,0.0,0.85,0.0
1004,87,15,3,Public Charger,V2G,work,True,0.8002,IDLE,0.0,0.85,0.0
1004,88,16,3,Public Charger,V2G,work,True,0.8002,IDLE,0.0,0.85,0.0
1004,89,17,3,Public Charger,V2G,work,True,0.8002,IDLE,0.0,1.69,0.0
1004,90,18,3,Public Charger,V2G,driving,False,0.722,DRIVING,0.0,1.69,0.0
1004,91,19,3,Public Charger,V2G,home,False,0.722,IDLE,0.0,1.69,0.0
1004,92,20,3,Public Charger,V2G,home,False,0.722,IDLE,0.0,1.69,0.0
1004,93,21,3,Public Charger,V2G,home,False,0.722,IDLE,0.0,1.69,0.0
1004,94,22,3,Public Charger,V2G,home,False,0.722,IDLE,0.0,1.69,0.0
1004,95,23,3,Public Charger,V2G,home,False,0.722,IDLE,0.0,0.53,0.0
1004,96,0,4,Public Charger,V2G,home,False,0.722,IDLE,0.0,0.53,0.0
1004,97,1,4,Public Charger,V2G,home,False,0.722,IDLE,0.0,0.53,0.0
1004,98,2,4,Public Charger,V2G,home,False,0.722,IDLE,0.0,0.53,0.0
1004,99,3,4,Public Charger,V2G,home,False,0.722,IDLE,0.0,0.53,0.0
1004,100,4,4,Public Charger,V2G,home,False,0.722,IDLE,0.0,0.53,0.0
1004,101,5,4,Public Charger,V2G,home,False,0.722,IDLE,0.0,0.53,0.0
1004,102,6,4,Public Charger,V2G,home,False,0.722,IDLE,0.0,0.53,0.0
1004,103,7,4,Public Charger,V2G,driving,False,0.5609,DRIVING,0.0,0.85,0.0
1004,104,8,4,Public Charger,V2G,work,True,0.6718,CHARGE,7.0,0.85,5.95
1004,105,9,4,Public Charger,V2G,work,True,0.7826,CHARGE,7.0,0.85,5.95
1004,106,10,4,Public Charger,V2G,work,True,0.7826,IDLE,0.0,0.85,0.0
1004,107,11,4,Public Charger,V2G,work,True,0.7826,IDLE,0.0,0.85,0.0
1004,108,12,4,Public Charger,V2G,work,True,0.7826,IDLE,0.0,0.85,0.0
1004,109,13,4,Public Charger,V2G,work,True,0.7826,IDLE,0.0,0.85,0.0
1004,110,14,4,Public Charger,V2G,work,True,0.7826,IDLE,0.0,0.85,0.0
1004,111,15,4,Public Charger,V2G,work,True,0.7826,IDLE,0.0,0.85,0.0
1004,112,16,4,Public Charger,V2G,work,True,0.7826,IDLE,0.0,0.85,0.0
1004,113,17,4,Public Charger,V2G,work,True,0.7826,IDLE,0.0,1.69,0.0
1004,114,18,4,Public Charger,V2G,driving,False,0.6215,DRIVING,0.0,1.69,0.0
1004,115,19,4,Public Charger,V2G,home,False,0.6215,IDLE,0.0,1.69,0.0
1004,116,20,4,Public Charger,V2G,home,False,0.6215,IDLE,0.0,1.69,0.0
1004,117,21,4,Public Charger,V2G,home,False,0.6215,IDLE,0.0,1.69,0.0
1004,118,22,4,Public Charger,V2G,home,False,0.6215,IDLE,0.0,1.69,0.0
1004,119,23,4,Public Charger,V2G,home,False,0.6215,IDLE,0.0,0.53,0.0
1004,120,0,5,Public Charger,V2G,home,False,0.6215,IDLE,0.0,0.53,0.0
1004,121,1,5,Public Charger,V2G,home,False,0.6215,IDLE,0.0,0.53,0.0
1004,122,2,5,Public Charger,V2G,home,False,0.6215,IDLE,0.0,0.53,0.0
1004,123,3,5,Public Charger,V2G,home,False,0.6215,IDLE,0.0,0.53,0.0
1004,124,4,5,Public Charger,V2G,home,False,0.6215,IDLE,0.0,0.53,0.0
1004,125,5,5,Public Charger,V2G,home,False,0.6215,IDLE,0.0,0.53,0.0
1004,126,6,5,Public Charger,V2G,home,False,0.6215,IDLE,0.0,0.53,0.0
1004,127,7,5,Public Charger,V2G,home,False,0.6215,IDLE,0.0,0.85,0.0
1004,128,8,5,Public Charger,V2G,home,False,0.6215,IDLE,0.0,0.85,0.0
1004,129,9,5,Public Charger,V2G,home,False,0.6215,IDLE,0.0,0.85,0.0
1004,130,10,5,Public Charger,V2G,home,False,0.6215,IDLE,0.0,0.85,0.0
1004,131,11,5,Public Charger,V2G,driving,False,0.5618,DRIVING,0.0,0.85,0.0
1004,132,12,5,Public Charger,V2G,work,True,0.6726,CHARGE,7.0,0.85,5.95
1004,133,13,5,Public Charger,V2G,work,True,0.7834,CHARGE,7.0,0.85,5.95
1004,134,14,5,Public Charger,V2G,work,True,0.7834,IDLE,0.0,0.85,0.0
1004,135,15,5,Public Charger,V2G,work,True,0.7834,IDLE,0.0,0.85,0.0
1004,136,16,5,Public Charger,V2G,driving,False,0.7237,DRIVING,0.0,0.85,0.0
1004,137,17,5,Public Charger,V2G,home,False,0.7237,IDLE,0.0,1.69,0.0
1004,138,18,5,Public Charger,V2G,home,False,0.7237,IDLE,0.0,1.69,0.0
1004,139,19,5,Public Charger,V2G,home,False,0.7237,IDLE,0.0,1.69,0.0
1004,140,20,5,Public Charger,V2G,home,False,0.7237,IDLE,0.0,1.69,0.0
1004,141,21,5,Public Charger,V2G,home,False,0.7237,IDLE,0.0,1.69,0.0
1004,142,22,5,Public Charger,V2G,home,False,0.7237,IDLE,0.0,1.69,0.0
1004,143,23,5,Public Charger,V2G,home,False,0.7237,IDLE,0.0,0.53,0.0
1004,144,0,6,Public Charger,V2G,home,False,0.7237,IDLE,0.0,0.53,0.0
1004,145,1,6,Public Charger,V2G,home,False,0.7237,IDLE,0.0,0.53,0.0
1004,146,2,6,Public Charger,V2G,home,False,0.7237,IDLE,0.0,0.53,0.0
1004,147,3,6,Public Charger,V2G,home,False,0.7237,IDLE,0.0,0.53,0.0
1004,148,4,6,Public Charger,V2G,home,False,0.7237,IDLE,0.0,0.53,0.0
1004,149,5,6,Public Charger,V2G,home,False,0.7237,IDLE,0.0,0.53,0.0
1004,150,6,6,Public Charger,V2G,home,False,0.7237,IDLE,0.0,0.53,0.0
1004,151,7,6,Public Charger,V2G,home,False,0.7237,IDLE,0.0,0.85,0.0
1004,152,8,6,Public Charger,V2G,home,False,0.7237,IDLE,0.0,0.85,0.0
1004,153,9,6,Public Charger,V2G,home,False,0.7237,IDLE,0.0,0.85,0.0
1004,154,10,6,Public Charger,V2G,home,False,0.7237,IDLE,0.0,0.85,0.0
1004,155,11,6,Public Charger,V2G,driving,False,0.7088,DRIVING,0.0,0.85,0.0
1004,156,12,6,Public Charger,V2G,work,True,0.8196,CHARGE,7.0,0.85,5.95
1004,157,13,6,Public Charger,V2G,work,True,0.8196,IDLE,0.0,0.85,0.0
1004,158,14,6,Public Charger,V2G,work,True,0.8196,IDLE,0.0,0.85,0.0
1004,159,15,6,Public Charger,V2G,work,True,0.8196,IDLE,0.0,0.85,0.0
1004,160,16,6,Public Charger,V2G,driving,False,0.8047,DRIVING,0.0,0.85,0.0
1004,161,17,6,Public Charger,V2G,home,False,0.8047,IDLE,0.0,1.69,0.0
1004,162,18,6,Public Charger,V2G,home,False,0.8047,IDLE,0.0,1.69,0.0
1004,163,19,6,Public Charger,V2G,home,False,0.8047,IDLE,0.0,1.69,0.0
1004,164,20,6,Public Charger,V2G,home,False,0.8047,IDLE,0.0,1.69,0.0
1004,165,21,6,Public Charger,V2G,home,False,0.8047,IDLE,0.0,1.69,0.0
1004,166,22,6,Public Charger,V2G,home,False,0.8047,IDLE,0.0,1.69,0.0
1004,167,23,6,Public Charger,V2G,home,False,0.8047,IDLE,0.0,0.53,0.0
